#{"t_start": 1745976074.538657, "env_id": "None"}
r,l,t
64.689873,7,0.019912
11.086096,2,0.021672
17.853023,35,0.04214
12.249497,100,0.098613
1.404278,100,0.154428
29.566614,11,0.161249
0.0,100,0.216874
7.145236,12,0.224301
11.866159,4,0.227222
2.447269,3,0.2295
3.3786,6,0.233552
3.515064,3,0.235837
66.767734,6,0.239878
16.291755,100,0.29612
-1.0,1,0.297116
0.398723,100,0.352995
19.850613,6,0.357115
65.210571,6,0.361209
6.225777,10,0.367577
7.307296,100,0.423463
32.096966,43,0.448243
-1.0,1,0.449243
2.173839,100,0.505746
2.023509,2,0.507436
2.447269,3,0.509733
0.0,100,0.565822
20.535661,18,0.580083
32.444276,26,0.595297
0.0,100,0.650896
7.077832,7,0.65554
2.975613,2,0.657196
2.327256,3,0.659421
0.0,100,0.71538
3.347997,24,0.729473
11.086096,2,0.731127
1.417674,83,0.777761
13.832309,41,0.801306
28.548446,10,0.807645
17.088577,24,0.821845
32.712319,13,0.829848
27.32518,6,0.833939
32.450549,4,0.836901
63.552396,100,0.893966
1.382912,2,0.895648
0.0,100,0.951593
29.4996,6,0.955659
13.832309,45,0.981511
62.240353,4,0.984487
19.873641,6,0.988578
0.0,100,1.044703
0.0,100,1.100573
20.336003,7,1.105204
4.152765,3,1.10751
11.991493,3,1.109804
0.0,100,1.165916
0.0,100,2.096629
0.0,100,2.153502
30.657786,10,2.160193
34.017203,9,2.166044
17.853023,56,2.199273
3.246176,2,2.200979
0.693065,100,2.257949
0.0,100,2.314783
18.049658,19,2.326217
20.336003,6,2.330357
36.251742,10,2.336755
0.0,100,2.393358
0.0,100,2.450526
0.0,100,2.506921
45.497176,4,2.50988
3.479158,2,2.511561
0.0,100,2.56809
6.415679,3,2.570418
16.766708,6,2.574488
28.548446,8,2.579679
4.607606,100,2.635655
8.033389,6,2.639738
0.0,100,2.696251
0.0,100,2.752169
62.562243,4,2.755105
31.651138,55,2.786229
33.668056,37,2.807885
64.36213,4,2.81085
19.873641,5,2.814336
3.0369,5,2.81776
3.442858,2,2.819434
1.645651,100,2.875334
6.865716,7,2.879969
19.89312,6,2.883944
4.488486,7,2.888532
43.986564,10,2.894785
31.651138,74,2.936424
22.289761,7,2.941025
12.943785,5,2.944524
0.0,100,3.000002
0.0,100,3.062445
0.0,100,3.118546
6.97647,13,3.126765
3.417721,65,3.163333
31.85941,42,3.18734
1.382912,2,3.189023
-1.0,1,3.190004
0.0,100,3.245727
28.999874,4,3.248828
23.700788,6,4.10587
0.0,100,4.163011
13.782781,4,4.166013
71.037525,4,4.169021
13.471802,15,4.178247
0.0,100,4.235198
63.522023,6,4.239318
36.251742,17,4.249775
36.857459,100,4.306787
23.84914,9,4.312596
58.498346,7,4.31728
59.424891,33,4.336582
28.999874,4,4.339557
1.416144,72,4.381018
27.32518,16,4.391
4.903258,7,4.395687
1.498667,2,4.397361
12.995207,100,4.454355
1.51836,66,4.492733
5.278701,6,4.49686
3.816125,9,4.502693
0.0,100,4.558874
0.0,100,4.614918
5.981647,2,4.630978
0.0,100,4.677512
0.0,100,4.724368
0.0,100,4.771095
3.125326,2,4.772395
11.086096,3,4.783584
11.086096,2,4.7853
4.453362,8,4.790604
0.0,100,4.84722
23.43251,8,4.852471
64.460919,4,4.855452
6.186475,14,4.86412
1.404278,100,4.921243
0.0,100,4.977759
20.647084,88,5.028105
0.0,100,5.08435
3.539641,7,5.089002
3.515064,3,5.091318
13.32499,15,5.100516
0.0,100,5.156618
23.850893,4,5.159543
6.415679,3,5.161819
3.657,2,5.1658
27.49059,14,5.174631
1.417674,77,5.218664
32.096966,47,5.245567
15.67704,4,5.248801
6.801134,5,5.252256
19.762991,58,5.285262
36.127561,4,5.288228
3.681606,3,5.290524
0.0,100,5.346836
12.506562,9,5.352656
0.0,100,5.408841
0.0,100,6.333998
0.0,100,6.391952
16.950134,6,6.396229
13.471802,35,6.417799
13.318189,100,6.476194
12.943785,4,6.479241
0.0,100,6.537712
0.0,100,6.595726
1.173839,47,6.623625
12.261233,5,6.627264
-1.0,78,6.672647
1.818886,90,6.727715
16.37248,4,6.733707
4.453362,5,6.73753
0.0,100,6.799284
0.200877,23,6.814177
11.086096,2,6.815993
19.154759,5,6.819847
0.0,100,6.881218
1.170029,74,6.927427
15.606288,100,6.98928
-0.234248,77,7.037406
2.673252,99,7.098854
22.289761,17,7.110294
47.754161,82,7.161289
40.137668,3,7.163813
0.789544,28,7.181912
0.0,100,7.241614
5.280228,42,7.266605
0.0,100,7.32478
8.033389,15,7.334271
3.657,2,7.336004
14.660003,3,7.338385
23.501668,17,7.349089
19.608965,7,7.353867
57.91587,10,7.360377
64.689873,7,7.365142
3.479158,2,7.366878
0.0,100,7.425045
37.133124,4,7.428094
34.974704,100,7.490885
12.013337,4,7.494195
23.43251,24,7.508533
0.0,100,8.481673
0.0,100,8.538278
7.868759,3,8.540664
4.954975,9,8.546515
12.241345,5,8.550036
58.380984,7,8.554735
59.424891,25,8.569526
0.0,100,8.626004
23.43251,12,8.633483
59.240615,4,8.636513
6.801134,3,8.638819
6.186475,7,8.643462
25.132361,5,8.646902
-0.127291,59,8.680604
7.145236,9,8.686406
39.927803,100,8.743093
1.417674,57,8.7758
17.853023,8,8.781039
15.67704,4,8.783993
1.417674,34,8.805462
3.246176,2,8.807453
61.695718,7,8.812825
4.838781,100,8.874669
15.520303,3,8.877158
0.0,100,8.938989
5.358406,5,8.94285
0.0,100,9.004725
0.172893,100,9.065597
31.85941,37,9.089375
-0.127291,52,9.124579
26.355838,4,9.127622
8.176378,3,9.12994
37.602691,4,9.132926
0.0,100,9.189711
64.885455,4,9.19273
0.398723,100,9.249558
7.288704,7,9.254251
1.170029,65,9.29151
60.5229,4,9.294545
62.552396,44,9.320584
6.801134,4,9.323483
4.954975,9,9.329367
15.129562,100,9.386067
32.059009,5,9.389655
15.610021,6,9.393756
15.401157,4,9.396736
39.736364,7,9.4014
23.071298,100,9.458385
0.0,100,9.514836
4.167416,15,9.523894
0.0,100,9.60539
0.0,100,9.652147
0.0,100,9.698954
33.574226,4,9.701353
64.689873,4,9.703731
35.402391,7,9.717525
61.695718,7,9.722251
15.809541,18,9.733393
2.447269,3,9.735719
4.903258,14,9.744366
25.866008,5,9.747923
25.971357,4,9.750896
58.380984,7,9.755562
0.0,100,9.812467
0.0,100,10.721847
57.405645,6,10.726183
23.43251,8,10.731442
30.517265,9,10.737318
45.281467,16,10.747101
1.945409,100,10.804064
0.0,100,10.865404
5.981647,3,10.867834
6.529739,11,10.875302
12.074453,100,10.93778
59.466725,11,10.945335
9.347542,15,10.955187
3.681606,6,10.959561
58.822496,37,10.9829
30.634059,7,10.987925
1.066982,57,11.023482
3.816125,8,11.029117
2.998261,2,11.030921
3.125326,2,11.03275
6.422963,13,11.041681
27.788026,32,11.062338
40.813042,3,11.064956
24.612718,6,11.069424
0.0,100,11.130947
18.433762,3,11.133435
5.280228,19,11.145936
0.0,100,11.207453
0.0,100,11.269252
57.460241,29,11.288081
3.125326,2,11.289872
0.0,100,11.35111
4.453362,5,11.354903
27.522471,9,11.361193
22.737231,100,11.422721
24.261812,41,11.448797
6.225777,6,11.453218
4.041799,21,11.466904
64.038325,6,11.471378
27.32518,16,11.481958
17.433412,5,11.485824
4.705395,4,11.494786
0.0,100,11.556623
0.0,100,11.617681
35.049313,5,11.621495
0.0,100,11.683174
0.200877,78,11.731794
7.145236,12,11.740287
5.916388,5,11.744326
1.51836,7,11.749369
20.061153,14,11.759378
42.410985,6,11.763623
6.402162,100,11.82087
46.206659,6,11.825028
71.352163,5,11.828586
0.0,100,11.885289
3.681606,3,11.887618
0.0,100,11.944394
26.075446,10,11.950771
0.0,100,12.928138
0.952766,17,12.938895
5.057342,29,12.956747
0.0,100,13.015146
36.903113,5,13.018777
12.241345,7,13.023561
64.529177,38,13.046344
-1.0,1,13.047382
4.705395,5,13.051008
0.952766,13,13.059278
21.738346,5,13.062902
1.416144,61,13.09924
32.006271,40,13.123396
64.460919,4,13.12645
3.816125,6,13.13066
0.0,100,13.18866
6.737529,100,13.247058
0.0,100,13.305094
1.086646,100,13.363069
3.129343,10,13.372832
0.0,100,13.431048
-0.06164,2,13.43281
0.904489,100,13.49105
27.643968,9,13.497047
0.0,100,13.555467
19.873641,8,13.56082
13.318189,100,13.61919
1.417674,31,13.639406
30.634059,7,13.644169
4.126924,3,13.646572
62.897552,4,13.649598
27.994837,5,13.653221
0.0,100,13.711459
0.0,100,13.769514
0.0,100,13.827463
44.660478,6,13.831756
31.670936,92,13.88557
55.884196,5,13.889348
0.952766,13,13.897547
0.0,100,13.955708
1.170029,73,13.998577
66.767734,16,14.008639
3.816125,7,14.013476
5.916388,7,14.018348
0.0,100,14.076431
1.645651,100,15.057873
0.0,100,15.114322
-1.0,1,15.115448
5.407905,8,15.120561
61.695718,6,15.124701
40.782514,5,15.128233
0.0,100,15.184778
27.788026,27,15.200827
26.253698,19,15.212634
4.907958,5,15.216274
9.446387,100,15.27336
64.529177,14,15.281974
1.170029,45,15.308034
34.870155,4,15.311012
12.859833,8,15.316283
16.766708,4,15.319328
3.681606,11,15.326434
0.0,100,15.382765
-1.0,71,15.42351
44.660478,6,15.427852
0.0,100,15.480841
12.663671,3,15.482725
0.0,100,15.529334
0.0,100,15.576044
0.0,100,15.622602
0.0,100,15.680691
26.336954,5,15.684254
2.620415,5,15.687727
6.376873,39,15.710299
13.471802,16,15.720287
7.868759,4,15.723782
0.0,100,15.78213
0.0,100,15.839979
13.939045,26,15.85606
0.0,100,15.914015
25.352521,68,15.954149
33.923468,72,15.99632
19.762991,16,16.006325
25.2058,4,16.0093
4.42481,5,16.012942
0.0,100,16.071196
47.754161,44,16.097284
31.547792,4,16.100314
2.276242,2,16.102034
30.657786,8,16.107432
0.0,100,16.167006
7.283707,100,16.226217
6.593044,100,16.283004
1.417674,18,16.293936
17.622135,100,16.350635
36.315586,5,16.354262
-1.0,1,16.355284
5.407905,21,16.367639
37.183103,5,16.371196
0.0,100,16.435695
28.548446,6,16.440386
0.0,100,17.380106
0.0,100,17.43943
3.500293,2,17.441236
0.0,100,17.499897
3.479158,2,17.501633
30.634059,4,17.504712
22.690464,100,17.563371
3.500293,2,17.565093
27.643968,4,17.568098
1.355564,19,17.579757
0.200877,73,17.621988
2.975613,2,17.623746
3.681606,4,17.626694
63.678887,6,17.630853
4.167416,29,17.648045
58.822496,37,17.670138
4.041799,18,17.681087
28.548446,16,17.691003
6.801134,32,17.709908
41.630994,100,17.76781
29.4996,7,17.772622
1.170029,28,17.789332
20.336003,5,17.792933
15.610021,5,17.796569
37.133124,4,17.799551
49.580186,28,17.816197
54.322897,63,17.852609
3.249096,2,17.854271
24.261812,31,17.872632
8.446387,67,17.911317
0.0,100,17.974239
19.416094,7,17.979335
14.176935,54,18.01085
-0.134333,30,18.028501
0.0,100,18.086627
10.374645,9,18.092594
-0.654215,15,18.102157
32.096966,42,18.127951
3.657,2,18.129717
0.400341,23,18.143997
1.498667,8,18.149388
0.0,100,18.209321
24.514428,5,18.213087
45.497176,4,18.21619
33.682792,9,18.222853
33.082329,4,18.226132
8.446387,16,18.236923
20.647084,25,18.252522
3.442858,2,18.254257
6.502574,12,18.262109
56.814368,4,18.26521
39.368159,8,18.270674
0.0,100,18.332485
18.902463,5,18.336409
58.380984,5,18.340309
-1.0,17,18.351749
1.355564,41,18.378439
2.447269,3,18.38099
65.210571,17,18.39247
59.080822,8,18.398218
-0.06164,2,18.399969
55.884196,45,18.427052
0.0,100,18.485877
64.326072,6,18.490165
35.02162,4,18.49329
61.410813,4,18.496353
0.0,100,18.554816
66.433422,4,18.557884
-0.06164,4,18.560781
28.321319,39,19.467741
31.006179,4,19.471049
0.0,100,19.52982
0.0,100,19.588563
0.0,100,19.647045
2.839858,2,19.648831
26.62107,4,19.651854
32.205838,42,19.676806
0.0,100,19.735387
1.170029,37,19.758183
0.0,100,19.816964
0.200877,64,19.854038
0.0,100,19.911162
35.857459,82,19.958251
27.496407,9,19.964085
3.246176,2,19.965741
32.006271,15,19.974979
33.085021,4,19.977959
12.943785,4,19.981015
1.531582,14,19.995252
0.0,100,20.052103
14.388316,6,20.056285
-1.0,37,20.077971
58.498346,8,20.083261
0.0,100,20.140046
56.014663,4,20.144369
36.251742,29,20.161495
0.0,100,20.218239
0.0,100,20.27482
1.417674,17,20.285206
7.843926,4,20.288094
-1.0,93,20.341468
21.738346,6,20.345663
0.0,100,20.43207
0.0,100,20.479124
0.865667,100,20.526297
3.951649,3,20.528158
0.0,100,20.575191
7.288704,15,20.586044
0.0,100,20.643117
58.400941,5,20.646749
0.0,100,20.703509
38.43882,7,20.708223
6.113378,8,20.713422
8.033389,7,20.718162
17.088577,41,20.742164
28.914879,4,20.745074
7.743989,29,20.762247
28.548446,7,20.766946
0.0,100,20.824713
0.109569,61,21.680188
3.515064,3,21.682949
1.382912,4,21.685925
1.416144,25,21.700943
17.539207,12,21.708533
29.546302,39,21.73179
59.12911,13,21.740243
22.289761,9,21.7462
0.0,100,21.804644
4.488486,5,21.808667
4.619402,16,21.818579
40.981274,52,21.848876
0.0,100,21.90577
34.474251,9,21.911675
0.0,100,21.968601
2.417674,100,22.025593
14.660003,4,22.028656
7.262879,14,22.037283
6.415679,3,22.039775
33.545154,4,22.042781
16.766708,8,22.048057
1.660316,100,22.10713
70.477556,5,22.110936
0.0,100,22.167696
10.743705,100,22.224638
13.832309,61,22.261122
27.788026,32,22.281006
24.151174,27,22.297631
33.082329,5,22.301306
0.0,100,22.366606
4.041799,8,22.372516
40.830202,8,22.377918
65.210571,20,22.390342
23.84914,4,22.393422
27.788026,7,22.398373
40.813042,4,22.401391
0.792012,100,22.460056
18.572814,5,22.463763
36.675763,12,22.471498
0.645651,55,22.503919
7.868759,5,22.507531
62.552396,10,22.514113
28.200474,11,22.521308
0.200877,17,22.531885
6.721473,31,22.550879
27.788026,12,22.558835
0.0,100,22.617209
19.154759,8,22.624476
0.0,100,22.682852
32.096966,19,22.694652
32.138558,7,22.699439
27.49059,37,22.721933
17.178316,23,22.736167
49.047169,6,22.740454
64.302375,5,22.744093
1.416144,48,22.772713
43.145203,6,22.776957
24.887674,38,22.799862
7.868759,3,22.802252
0.0,100,22.861359
0.0,100,23.762284
30.709925,4,23.76563
2.183934,100,23.824698
2.276242,3,23.826972
29.566614,5,23.830517
4.453362,6,23.83462
0.0,100,23.893179
0.0,100,23.950281
17.853023,28,23.966944
2.327256,5,23.970299
8.176378,4,23.973189
61.695718,10,23.979537
32.342691,7,23.984196
0.0,100,24.04135
12.663671,3,24.043688
1.417674,53,24.074187
32.893108,7,24.078889
16.746861,6,24.082985
27.496407,19,24.094826
0.0,100,24.151629
6.186475,19,24.163077
28.497684,28,24.179656
35.206882,37,24.201759
1.417674,28,24.218711
24.771328,27,24.235506
0.0,100,24.292004
14.498947,5,24.295652
-1.0,1,24.296678
0.904489,100,24.353708
7.402038,29,24.370859
10.11003,3,24.373206
0.0,100,24.436562
31.034457,4,24.439711
1.404278,100,24.497162
3.0369,3,24.499822
22.690464,100,24.557389
2.790486,100,24.614485
18.860424,4,24.617471
0.0,100,24.674471
29.191105,53,24.705216
13.053993,65,24.743495
0.0,100,24.800765
3.681606,5,24.804268
33.621472,11,24.811354
-1.0,47,24.838446
11.229955,5,24.842065
3.838387,14,24.850639
58.075744,48,24.878984
-0.370646,2,24.88071
12.074453,100,24.937843
25.11323,73,25.848078
34.292476,6,25.85268
62.473854,7,25.857384
32.366946,20,25.869525
4.453362,5,25.873096
0.0,100,25.930122
32.366946,11,25.937253
1.416144,21,25.949869
65.544884,6,25.954003
6.513922,5,25.957544
1.818886,30,25.975538
0.0,100,26.032625
31.547792,4,26.035728
3.657,2,26.037401
3.0369,3,26.039732
19.608965,6,26.043916
27.522471,10,26.050376
2.276242,3,26.054877
0.0,100,26.129917
0.0,100,26.176919
0.0,100,26.224769
0.0,100,26.271895
0.0,100,26.31918
0.0,100,26.378194
30.828578,16,26.388219
4.167416,3,26.390583
2.839858,2,26.392239
65.210571,13,26.40078
0.904489,100,26.457771
19.757495,6,26.462103
0.0,100,26.519233
15.520303,3,26.52177
2.276242,5,26.525184
0.625052,17,26.535418
23.181303,100,26.59233
4.619402,12,26.600414
4.167416,8,26.605707
43.600574,18,26.617149
15.809541,22,26.630722
17.75274,83,26.681412
-1.0,2,26.683295
2.180604,16,26.693635
24.650646,8,26.699152
0.0,100,26.756384
13.471802,7,26.761315
7.307296,100,26.818774
1.066982,56,26.857177
33.699241,5,26.860838
1.188098,41,26.884903
14.213537,12,26.892426
32.096966,13,26.90065
24.887674,18,26.911679
4.326829,18,26.922478
31.651138,44,26.948357
0.0,100,27.005547
22.289761,10,27.012272
3.681606,3,27.014656
29.684958,5,27.018246
40.782514,7,27.023036
16.37248,6,27.027201
4.932402,10,27.033815
1.416144,5,27.037393
0.0,100,27.098009
7.843926,5,27.101711
0.0,100,27.158569
1.066982,87,27.209443
30.517265,15,27.218934
58.641963,37,27.241091
13.053993,71,27.282171
57.460241,28,28.24987
39.164666,100,28.326469
27.49059,9,28.332674
1.417674,34,28.353297
32.096966,11,28.360488
28.923435,25,28.375905
12.663671,3,28.37834
-1.0,1,28.379401
33.107703,8,28.384777
3.442858,4,28.38767
1.066982,40,28.411874
63.996117,4,28.415002
26.111538,11,28.422125
29.306326,7,28.426931
-0.13388,3,28.429217
0.0,100,28.48731
0.0,100,28.545232
0.0,100,28.603916
1.355564,18,28.615204
27.496407,16,28.625159
1.382912,5,28.628615
36.52148,7,28.633394
62.09377,16,28.64334
0.0,100,28.704267
3.816125,5,28.70811
22.690464,100,28.765696
29.566614,7,28.770525
25.11323,76,28.814359
3.515064,3,28.816715
0.0,100,28.87441
4.907958,4,28.87742
27.788026,17,28.888119
27.326996,12,28.895629
1.417674,42,28.920161
17.565135,49,28.948634
0.0,100,29.005612
0.0,100,29.070004
0.0,100,29.126959
19.005555,83,29.174784
0.0,100,29.234092
29.388395,7,29.238924
5.981647,2,29.240602
2.998261,2,29.242263
4.903258,8,29.247519
-0.127291,8,29.252534
0.400341,18,29.263626
82.175315,7,29.268282
7.65722,4,29.271351
30.646896,4,29.274292
64.689873,4,29.277264
0.0,100,29.333733
31.85941,24,29.348449
3.249096,2,29.350157
0.661081,34,29.370077
0.0,100,29.4267
0.660316,39,29.44946
0.0,100,30.364398
0.0,100,30.421112
35.857459,34,30.44101
0.200877,6,30.44504
0.0,100,30.503068
2.998261,5,30.506647
3.816125,6,30.510836
60.46612,5,30.514368
-1.0,23,30.527936
12.261233,5,30.53155
0.0,100,30.588023
5.363913,28,30.604478
13.32499,10,30.610905
0.0,100,30.667753
3.752486,3,30.670069
2.839858,3,30.672305
11.086096,2,30.673961
37.133124,8,30.679239
-0.127291,2,30.681075
12.390909,5,30.68473
13.297729,4,30.687684
3.515064,3,30.689986
4.467401,10,30.696389
0.0,100,30.753291
-1.0,82,30.816715
0.0,100,30.875961
1.173839,8,30.881492
4.488486,6,30.88561
-1.0,56,30.917941
13.471802,5,30.921544
14.213537,32,30.940457
19.757495,12,30.947949
13.471802,15,30.957553
2.839858,2,30.959232
61.140877,4,30.962179
23.84914,10,30.968805
15.809541,9,30.974945
61.116689,44,31.001071
2.839858,2,31.002749
7.843926,4,31.005626
10.26299,3,31.007936
0.0,100,31.064563
57.186704,8,31.069841
0.0,100,31.126667
49.047169,4,31.146463
-0.06164,2,31.147772
3.681606,3,31.149623
0.0,100,31.196211
3.0369,3,31.198035
7.288704,33,31.218873
0.0,100,31.276559
7.145236,19,31.288535
-1.0,1,31.289551
28.321319,26,31.305352
37.873637,8,31.31062
19.08624,11,31.318084
0.0,100,31.374821
7.963713,5,31.378349
62.897552,4,31.381322
58.158568,22,31.394503
1.661081,100,31.451117
0.0,100,31.507776
4.152765,3,31.510111
30.539257,6,31.514362
12.758004,5,31.517945
0.0,100,31.574329
15.610021,6,31.578449
-0.13388,4,31.581225
1.382912,2,31.582896
27.522471,13,31.591304
0.0,100,32.463896
9.56074,13,32.472002
58.380984,4,32.474984
1.066982,26,32.49044
1.498667,2,32.492141
2.975613,2,32.493807
0.0,100,32.551232
61.695718,5,32.55478
30.517265,7,32.559466
0.0,100,32.616724
36.134218,5,32.621306
7.354922,5,32.624908
32.006271,19,32.636384
16.165861,5,32.639858
6.376873,46,32.666522
-0.06164,2,32.668174
2.276242,2,32.669829
0.0,100,32.726268
30.634059,8,32.731694
33.699241,4,32.734658
0.0,100,32.791035
17.173705,4,32.794026
0.0,100,32.851953
-0.127291,8,32.857103
32.33002,5,32.860746
1.066982,26,32.876498
6.225777,10,32.883142
42.409434,16,32.892871
0.625052,80,32.938847
38.032097,4,32.941809
0.404278,17,32.95228
66.767734,5,32.955812
1.498667,11,32.962546
0.0,100,33.019262
1.51836,15,33.028496
7.145236,4,33.031496
30.828578,10,33.037877
27.788026,9,33.043713
54.682451,11,33.050796
24.676197,5,33.054309
0.660316,16,33.063972
28.50623,4,33.066996
16.746861,5,33.070525
12.256049,30,33.088073
-0.134333,19,33.099412
0.0,100,33.156541
4.453362,6,33.160635
0.0,100,33.217399
0.0,100,33.274331
24.650646,8,33.279571
6.801134,8,33.28477
4.126924,3,33.28709
12.100402,4,33.294522
-1.0,1,33.295535
1.066982,48,33.323638
1.086646,100,33.3807
7.145236,8,33.386042
2.276242,5,33.389449
19.102861,5,33.393006
59.024386,4,33.395976
1.173839,15,33.405463
-0.127291,7,33.409956
20.336003,13,33.418073
1.173839,17,33.42852
3.479158,4,33.431356
25.536859,68,33.470701
31.443137,4,33.473686
62.240353,5,33.477256
7.354922,5,33.480815
8.018081,13,33.488862
1.417674,29,33.505827
2.327256,2,33.507501
62.240353,4,33.510446
1.818886,62,33.545775
22.796352,59,33.579572
0.0,100,33.635845
24.771328,21,33.648346
1.170029,31,34.552823
66.686585,5,34.556473
2.975613,2,34.558295
2.276242,5,34.561749
4.903258,15,34.571164
0.0,100,34.628607
0.0,100,34.68714
-0.370646,4,34.690071
7.077832,9,34.695949
1.188098,15,34.705326
-1.0,44,34.731988
6.415679,3,34.734476
15.520303,3,34.736988
3.047216,6,34.741176
23.700788,4,34.744222
0.0,100,34.802018
17.178316,43,34.827306
62.552396,11,34.834585
66.767734,6,34.838864
57.909457,17,34.849382
-1.0,97,34.908629
7.262879,11,34.915663
25.169061,5,34.919238
0.0,100,34.97728
0.0,100,35.034805
32.872038,8,35.040074
-1.0,65,35.077658
3.500293,2,35.079435
28.999874,5,35.083066
0.0,100,35.140692
2.327256,2,35.142371
-1.0,1,35.148019
7.292676,12,35.155672
9.301414,100,35.214666
2.620415,5,35.218242
59.708365,12,35.225995
12.390909,7,35.230771
52.2825,6,35.23492
0.660316,90,35.286957
7.812631,4,35.289867
12.943785,5,35.293511
15.923193,26,35.309098
25.352521,52,35.339608
23.710459,4,35.342754
22.796352,20,35.354949
0.0,100,35.414064
20.535661,9,35.419929
11.991493,4,35.422857
62.240353,6,35.427113
61.116689,99,35.485008
0.625052,65,35.522721
33.085603,15,35.532036
37.453859,67,35.57347
1.498667,2,35.57518
20.617354,7,35.579988
8.176378,4,35.582955
13.32499,8,35.588236
35.856868,65,35.626331
0.0,100,35.68392
25.352521,36,35.705303
18.902463,7,35.710116
0.0,100,36.661249
3.500293,2,36.663749
10.743705,100,36.725096
11.086096,2,36.726897
33.085603,15,36.736344
0.0,100,36.823126
0.0,100,36.870142
-0.06164,2,36.871513
11.95246,3,36.873398
0.0,100,36.921116
37.133124,11,36.930624
2.661522,100,36.988636
59.240615,5,36.992313
-0.370646,2,36.994025
0.0,100,37.053699
3.500293,3,37.056414
4.954975,7,37.0613
3.417721,7,37.065993
0.0,100,37.126382
0.0,100,37.189674
34.175392,8,37.195371
62.001967,7,37.200096
3.479158,2,37.201768
38.792865,6,37.205909
-1.0,45,37.232945
60.485106,15,37.242364
0.404278,94,37.297516
9.347542,13,37.305792
15.818916,15,37.315337
17.572145,7,37.320033
19.608965,4,37.323045
-0.244172,2,37.324703
13.632793,7,37.329427
25.820792,100,37.387789
2.839858,2,37.389493
26.111538,15,37.39895
-1.0,59,37.43298
31.606362,8,37.438236
4.196665,20,37.450252
0.0,100,37.507812
64.075327,22,37.521184
30.823674,8,37.526563
4.585454,5,37.530139
24.261812,7,37.535013
0.0,100,37.593398
28.548446,6,37.598068
2.673252,49,37.628582
-0.127291,17,37.640276
19.154759,6,37.644841
0.0,100,37.702907
-1.0,90,37.755444
17.178316,35,37.776392
1.066982,15,37.785849
43.145203,10,37.792344
0.109569,37,37.814146
39.832845,6,37.818442
57.779818,5,37.821983
1.416144,30,37.840369
49.047169,6,37.8446
7.262879,12,37.852316
-1.0,1,37.853343
-0.568077,3,37.855624
2.975613,3,37.857939
20.535661,18,37.86892
15.67704,4,37.871982
24.887674,54,37.913526
32.422771,7,37.918362
6.364155,9,37.924375
22.934055,4,37.927426
4.126924,4,37.930326
0.0,100,37.987904
1.835784,14,37.996782
4.152765,5,38.000308
6.801134,3,38.002732
0.0,100,38.06029
19.416094,5,38.063903
24.771328,10,38.947228
0.0,100,39.005599
26.363937,6,39.009786
4.167416,4,39.012719
18.999658,5,39.016335
30.791632,11,39.023377
64.529177,14,39.032108
17.178316,22,39.045635
36.326909,4,39.048635
-1.0,12,39.055949
10.791005,4,39.058969
28.548446,7,39.063689
1.660316,100,39.120902
0.0,100,39.177963
0.0,100,39.234804
-0.234248,41,39.259162
-1.0,1,39.260175
27.522471,14,39.26887
12.632426,14,39.277543
19.154759,4,39.280533
1.170029,43,39.30596
3.500293,2,39.307661
0.0,100,39.365075
0.0,100,39.423027
15.520303,4,39.426148
2.235493,8,39.431565
-1.0,61,39.46755
36.251742,8,39.473104
0.0,100,39.532709
66.767734,13,39.541135
7.262879,44,39.567141
1.170029,49,39.595993
-1.0,1,39.597084
1.355564,13,39.605424
23.306575,5,39.609002
0.0,100,39.668409
0.0,100,39.733535
17.178316,91,39.788029
-1.0,1,39.789083
9.765789,6,39.793349
0.0,100,39.85204
1.498667,19,39.86389
7.843926,3,39.866345
25.132361,5,39.869861
2.276242,2,39.871609
14.498947,19,39.884407
46.990068,52,39.915714
13.053993,83,39.965532
17.178316,52,39.996487
13.782781,6,40.000638
0.0,100,40.059249
27.788026,27,40.075733
23.223638,100,40.134742
19.850613,11,40.141784
0.0,100,41.095774
1.086646,100,41.154127
34.915325,4,41.157157
33.976414,5,41.160955
14.660003,4,41.163891
-1.0,1,41.164906
8.033389,33,41.184834
2.183934,100,41.244142
0.0,100,41.304889
30.657786,20,41.31773
77.678158,5,41.321359
2.998261,2,41.323059
-0.234248,10,41.329578
4.903258,8,41.33527
-0.127291,62,41.372926
19.762991,32,41.39254
0.0,100,41.452171
0.404278,68,41.492759
0.0,100,41.552695
3.479158,2,41.558012
19.757495,4,41.561246
1.51836,47,41.589315
13.471802,15,41.598837
24.887674,30,41.616787
58.380984,25,41.632744
1.448001,11,41.639771
5.216358,6,41.644108
22.737231,100,41.702666
-0.234248,35,41.723501
0.0,100,41.776287
0.0,100,41.824894
0.0,100,41.873013
0.0,100,41.924
0.0,100,41.973163
32.096966,21,41.988983
38.98957,5,41.992621
20.061153,35,42.013841
45.426824,6,42.018224
59.240615,4,42.021326
18.590257,8,42.02665
40.813042,3,42.028999
27.496407,31,42.047468
2.023509,2,42.049386
29.789361,4,42.052406
7.812631,3,42.054789
0.660316,33,42.074848
1.170029,46,42.102488
32.449673,33,42.122255
28.622238,10,42.128988
11.086096,2,42.130854
58.498346,16,42.140791
-1.0,15,42.150178
0.0,100,42.208397
7.307296,100,42.267133
7.145236,9,42.273176
1.295541,4,42.276028
6.081851,6,42.280237
16.746861,6,42.284622
13.832309,9,42.290577
10.26299,3,42.29293
63.522023,4,42.295901
-1.0,1,42.29691
0.109569,57,42.332573
0.0,100,42.391363
-0.220775,5,42.39504
0.0,100,42.453389
33.211141,28,42.470611
-0.591135,20,42.482559
27.522471,18,42.493959
4.57442,72,42.536655
