#{"t_start": 1752542741.0008872, "env_id": "None"}
r,l,t
-6.0,6,0.06095
-100.0,100,0.201514
1.83188,5,0.206034
24.072852,6,0.213925
6.854188,5,0.217968
-100.0,100,0.324921
-16.597228,19,0.344632
-3.051622,8,0.353395
-100.0,100,0.439971
-16.0,16,0.453868
-100.0,100,0.589083
17.888926,5,0.594297
-42.0,42,0.660998
-25.0,25,0.685036
1.454066,5,0.689053
53.757027,5,0.694296
22.919748,5,0.69865
-6.0,6,0.704855
-100.0,100,0.795397
22.961444,5,0.800663
0.151129,5,0.804625
-57.0,57,0.860196
-16.0,16,0.873322
52.454524,5,0.878579
-99.095511,100,0.963088
76.494625,5,0.967462
-65.221092,66,1.070781
-99.0,100,1.158426
16.605273,5,1.162623
1.175012,5,1.167049
25.163519,16,1.181368
25.999835,5,1.190007
6.924747,5,1.204591
-65.795274,82,1.282844
-16.336376,22,1.30463
10.002134,5,1.310101
0.366362,5,1.315324
-76.0,76,1.380528
-36.708914,44,1.417662
11.722967,5,1.423064
-55.0,55,1.471794
19.990579,5,1.476229
-83.821013,100,1.565723
-57.0,57,1.616204
-99.0,100,1.703093
71.710642,5,1.707608
41.002974,5,1.71209
44.631731,5,1.71733
16.841543,5,1.72307
-100.0,100,1.809006
-96.79933,100,1.895722
53.251515,5,1.900863
23.855344,51,1.945007
-99.0,100,2.032169
-50.0,51,2.073556
4.221069,5,2.080834
-99.0,100,2.167995
-19.0,19,2.183327
-19.70564,25,2.211107
-93.0,93,2.295721
-100.0,100,2.381743
76.32949,5,2.386165
-67.0,67,2.442497
-26.07082,78,2.509011
-99.0,100,2.605172
-37.557361,45,2.64579
40.492499,5,2.650193
72.385346,5,2.656051
-100.0,100,2.741695
41.002974,5,2.746155
3.881938,5,2.752235
2.921675,5,2.75746
72.364043,5,2.761902
8.724907,5,2.766218
35.033472,5,2.772271
-1.808327,5,2.777263
58.089542,5,2.781304
-98.77533,100,2.868034
-96.756984,100,2.957427
-1.97595,5,2.963523
6.185218,5,2.9699
70.855548,5,2.974247
-23.0,23,2.994453
45.669557,5,2.99997
-1.628993,5,3.004321
-45.0,45,3.042997
2.727411,5,3.049862
68.04686,5,3.055092
-24.0,24,3.075667
-99.0,100,3.161688
-76.0,76,3.227471
-100.0,100,3.314678
-27.0,27,3.338362
73.470001,5,3.342824
-62.0,62,3.400295
-14.0,14,3.41525
-2.423199,5,3.419673
-56.0,56,3.470231
-20.445618,25,3.490744
76.52495,5,3.497766
-100.0,100,3.583501
-39.633284,44,3.62385
43.724951,5,3.628307
-84.412908,100,3.714958
-59.0,59,3.765542
7.25997,5,3.770136
-99.0,99,3.855823
-89.0,89,3.930923
-0.051622,5,3.93531
-1.628993,5,3.939659
76.433254,5,3.945846
24.945447,5,3.951058
69.637295,5,3.95561
-100.0,100,4.041239
52.30466,6,4.047745
-100.0,100,4.134027
-80.67631,88,4.211506
36.04953,5,4.216025
-90.0,91,4.294953
-13.0,13,4.306436
-2.157271,5,4.310956
2.630945,5,4.314899
-63.183446,65,4.370904
5.302258,5,4.376071
27.419344,5,4.380431
-81.0,81,4.451324
-48.0,48,4.492211
-100.0,100,4.580127
2.727411,5,4.586328
-35.244172,36,4.616937
-83.0,84,4.690696
1.414214,5,4.696373
-2.019545,5,4.699979
-99.095511,100,4.737736
43.875331,5,4.740276
-100.0,100,4.778397
46.176798,5,4.780811
35.880408,5,4.79566
-100.0,100,4.884167
40.492499,5,4.888668
-100.0,100,4.974617
-100.0,100,5.058727
4.534374,5,5.063164
23.8964,5,5.067491
-100.0,100,5.153843
-91.615904,95,5.237092
-100.0,100,5.322796
-72.0,73,5.420151
0.721319,5,5.42781
-56.943461,64,5.484955
74.976829,5,5.489304
44.631731,5,5.493882
-1.462004,16,5.509009
9.532279,5,5.513324
84.723584,5,5.520686
-100.0,100,5.606734
-32.883513,37,5.639335
-100.0,100,5.72462
-43.0,43,5.762387
-75.425134,83,5.831733
10.956719,5,5.839751
-100.0,100,5.924767
-31.0,31,5.949987
61.942026,6,5.956044
-24.0,25,5.981199
-69.0,69,6.039339
16.369188,5,6.045751
75.066944,5,6.050251
-46.77533,48,6.094146
-100.0,100,6.183578
22.379111,5,6.189548
-100.0,100,6.27427
75.341232,5,6.280293
9.047792,5,6.286545
-61.0,62,6.338538
-18.0,18,6.354582
0.175012,6,6.36095
-17.0,17,6.386097
1.175012,5,6.392271
15.219061,5,6.396676
-99.0,100,6.483594
-2.480269,6,6.488641
-5.857297,8,6.495768
17.204333,5,6.502002
-60.922302,65,6.561328
59.517962,5,6.565774
-25.0,26,6.589364
-65.67631,73,6.65445
17.204333,5,6.660382
1.244684,6,6.666568
-99.0,100,6.752411
-94.785205,100,6.83936
1.282388,5,6.845468
7.428054,5,6.849737
29.655129,5,6.854124
-56.0,57,6.903739
-8.369055,16,6.919162
40.156054,5,6.923526
31.443068,5,6.927588
-54.0,55,6.975657
-40.369055,48,7.018424
3.711452,5,7.022889
1.175012,5,7.027319
-72.243407,73,7.09093
-7.206985,8,7.099776
8.164057,5,7.103892
-7.0,7,7.110591
6.347017,5,7.115075
-42.0,43,7.152172
-2.157271,5,7.15654
54.414975,5,7.160889
0.964189,5,7.164986
5.385879,5,7.172604
68.436634,5,7.176939
19.869204,5,7.181327
-5.866531,8,7.188213
-4.146216,6,7.195641
-53.000317,64,7.249708
8.507533,5,7.254343
59.313156,5,7.258708
1.800091,5,7.264207
-2.398438,6,7.270983
2.945251,5,7.275295
-5.0,6,7.281392
84.723584,5,7.287674
0.43169,5,7.292504
65.483726,5,7.296644
36.845606,5,7.302798
-100.0,100,7.390388
7.08402,5,7.394792
-7.0,7,7.401689
-99.0,100,7.487598
-37.243407,38,7.520646
-37.574309,42,7.556782
-84.0,84,7.628521
-58.0,59,7.74923
13.637323,5,7.757089
-99.0,100,7.843889
46.832222,5,7.848279
-6.249507,7,7.854784
-99.0,100,7.944345
-2.320093,5,7.948378
16.326083,5,7.952705
-19.450842,21,7.970391
50.980433,5,7.978231
-100.0,100,8.063302
45.334805,5,8.067693
-74.8121,100,8.217034
-17.0,17,8.232945
23.396463,5,8.237518
12.009256,5,8.243363
18.329607,5,8.247709
-8.633284,12,8.259556
44.640336,5,8.264033
-98.569969,100,8.349328
77.9025,5,8.353848
5.347038,5,8.361252
0.39076,5,8.365418
-23.0,24,8.386211
-5.0,5,8.389953
3.971029,8,8.399507
-18.756984,22,8.41942
-99.0,100,8.503693
69.678909,5,8.508105
10.141691,5,8.514688
-2.157271,5,8.519022
-56.206985,57,8.568931
72.745284,5,8.574309
-99.0,100,8.664886
-7.0,7,8.67136
-17.615904,21,8.689699
-13.727559,23,8.711033
40.557036,5,8.718335
-66.212441,67,8.776502
6.185218,5,8.781129
-82.243407,83,8.853935
56.274061,5,8.861341
-55.243407,56,8.911077
8.206307,5,8.915664
-93.190296,100,9.003491
-20.27311,21,9.024206
7.682449,5,9.031001
7.25997,5,9.035626
-85.0,87,9.1102
-71.350628,91,9.191868
-43.0,43,9.229263
76.16592,5,9.233699
-100.0,100,9.321221
5.787681,5,9.330515
45.611165,5,9.400364
-100.0,100,9.43714
-91.240573,100,9.474262
-98.729174,100,9.510495
-100.0,100,9.546983
-96.79933,100,9.715813
57.069898,6,9.722959
72.651139,5,9.727425
-16.0,16,9.741741
1.301241,10,9.751634
-95.917728,100,9.848207
-80.0,80,9.916048
2.529808,5,9.921246
0.724907,13,9.932093
-1.866103,5,9.935769
4.975486,5,9.941857
71.476102,5,9.946837
-66.494032,70,10.004327
-45.540435,47,10.044473
-80.377402,100,10.129043
-3.454735,5,10.133977
-100.0,100,10.292392
26.815279,5,10.29856
-6.450842,8,10.305499
-12.369055,20,10.323131
-14.714264,37,10.353549
11.299652,5,10.357827
79.516103,5,10.362083
16.16804,8,10.37588
69.980113,5,10.381945
-81.211787,82,10.448683
-100.0,100,10.531375
-28.092204,33,10.55888
-100.0,100,10.641724
26.509612,5,10.647808
7.25997,5,10.652114
-0.684328,5,10.656594
38.972172,5,10.662794
1.282388,5,10.668804
7.277049,5,10.673089
13.409371,5,10.678069
68.04686,5,10.682337
-14.0,14,10.695085
-9.87754,12,10.705269
38.237183,5,10.710246
45.334805,5,10.714479
12.244209,5,10.720564
11.845488,5,10.724953
36.710471,5,10.729931
44.543091,5,10.734202
44.543091,5,10.7403
31.809591,5,10.744585
-100.0,100,10.827704
-2.157271,5,10.832009
-70.697742,81,10.89844
-95.219368,100,10.981722
-100.0,100,11.066892
-2.157271,5,11.072935
5.081245,5,11.077229
9.047792,5,11.081542
-63.551743,64,11.136196
2.574866,5,11.140235
-99.0,100,11.222971
-95.633284,100,11.306297
5.663041,5,11.312829
-87.50471,100,11.397998
0.43169,5,11.402309
-20.0,21,11.419384
-5.897833,17,11.433881
-1.494032,5,11.439927
-60.0,61,11.490592
4.440021,5,11.494848
-0.35173,6,11.501831
0.853876,5,11.50616
-100.0,100,11.598633
-9.281718,48,11.643155
11.991856,5,11.648441
-100.0,100,11.732561
-22.0,23,11.753021
-0.154983,5,11.757418
-17.249507,18,11.776551
-23.0,23,11.794641
-100.0,100,11.87865
-45.0,45,11.920851
70.146763,5,11.926823
-91.965086,99,12.014108
74.861572,5,12.018778
-86.517223,92,12.099104
-60.0,61,12.151531
11.16239,5,12.155419
-2.019545,5,12.161499
51.695113,5,12.165808
-11.0,11,12.176926
6.948862,7,12.181406
86.10746,5,12.188155
13.607204,7,12.192904
-92.770709,100,12.283917
-71.0,71,12.346887
-38.582326,41,12.381183
45.334805,5,12.387337
25.283381,5,12.393392
70.789728,5,12.397764
-100.0,100,12.484674
-22.0,22,12.504526
-70.628993,74,12.570319
54.414975,5,12.574914
-49.0,49,12.619885
83.612633,5,12.624527
77.119881,5,12.629925
44.543091,5,12.635572
43.875331,5,12.641799
32.571996,5,12.645905
67.118447,5,12.651025
8.206307,5,12.65552
-56.0,56,12.705319
-39.418279,73,12.770548
-56.0,56,12.822022
4.885954,14,12.833544
-58.0,59,12.884498
-99.243407,100,12.970933
45.776932,5,12.976445
76.52495,5,12.981425
0.663246,6,12.987633
14.165461,5,12.991739
-62.0,62,13.046604
13.493652,5,13.051041
-7.214732,8,13.057741
-79.0,79,13.125332
-99.596094,100,13.211136
-8.0,8,13.218189
41.528169,5,13.222569
73.562182,5,13.226972
-30.0,30,13.25486
-100.0,100,13.337898
-13.0,13,13.348384
1.282388,5,13.352704
10.149074,10,13.366762
-59.0,60,13.417316
-64.212441,65,13.471817
-10.0,10,13.479753
-97.0,97,13.563154
1.129985,5,13.566948
-19.0,19,13.583552
3.032218,5,13.587875
-100.0,100,13.673772
-23.0,23,13.694173
-92.042616,96,13.774436
-46.0,47,13.81248
1.546776,5,13.819782
-72.0,72,13.880453
-72.0,73,13.943008
0.39076,5,13.947405
-8.531147,10,13.957916
-97.90166,100,14.042285
1.546776,5,14.046715
5.24535,5,14.066814
11.82154,5,14.069164
40.156054,5,14.071523
0.903389,5,14.07396
44.543091,5,14.07635
-25.875662,47,14.122072
80.971853,5,14.127505
-100.0,100,14.213263
2.897786,5,14.219181
-100.0,100,14.304826
-14.0,14,14.317342
-24.518035,27,14.340677
3.256795,5,14.344758
78.760903,5,14.34911
78.334257,5,14.357201
76.494625,5,14.361553
-95.89348,100,14.448097
-99.0,100,14.534239
77.26005,5,14.54025
-52.0,52,14.585735
-35.0,36,14.616752
-100.0,100,14.70406
-100.0,100,14.790733
-99.540435,100,14.875623
-6.0,6,14.881962
-55.597814,71,14.940547
56.274061,5,14.948288
0.082357,5,14.95262
-83.11329,86,15.02293
68.709923,5,15.029309
-76.0,77,15.095535
43.969546,5,15.09993
41.780755,6,15.106456
0.875686,5,15.110489
0.548201,5,15.130151
31.470437,5,15.134484
-20.651497,80,15.226322
-33.0,33,15.257638
0.297503,5,15.263634
72.255571,6,15.268351
-99.0,100,15.351969
-5.0,5,15.357843
-99.0,100,15.527081
-84.597814,100,15.613883
-53.0,53,15.661114
2.487666,5,15.666456
-60.341109,98,15.757116
8.444702,5,15.761161
23.507354,5,15.7658
72.364043,5,15.770364
3.631344,5,15.779113
76.883072,5,15.783508
-95.106657,100,15.870692
83.918539,5,15.875166
-43.083769,46,15.916615
-9.596433,12,15.927567
-7.0,8,15.934678
-21.582326,24,15.955501
-36.0,36,15.986594
2.487666,5,15.991021
1.984189,5,15.995353
-30.389465,35,16.025895
-58.0,58,16.089679
72.385346,5,16.095796
-100.0,100,16.180655
-95.633284,100,16.266414
45.776932,5,16.271557
7.51333,5,16.275922
21.469579,5,16.280916
-46.0,46,16.320966
6.234499,5,16.327065
2.999078,5,16.331461
-11.704322,34,16.361141
2.529808,5,16.365644
5.347038,5,16.370492
0.546776,6,16.378094
46.580247,5,16.383009
0.870028,5,16.387376
46.580247,5,16.394377
-24.0,24,16.414979
0.754349,20,16.432232
1.628034,5,16.436885
22.961444,5,16.442371
-50.770709,58,16.492675
-97.191589,100,16.581035
-29.0,29,16.60525
43.875331,5,16.611127
-43.0,43,16.648109
16.369188,5,16.652467
25.653963,5,16.656928
51.812652,6,16.664502
-25.0,25,16.685509
6.347017,5,16.689937
19.990579,5,16.696006
-40.870438,56,16.746091
-75.633284,80,16.815945
-80.0,80,16.885701
-77.480247,80,16.956985
80.971853,5,16.962327
11.83963,5,16.966372
10.549588,5,16.970706
-99.0,100,17.059077
-23.0,24,17.081183
-99.0,100,17.170023
-2.03911,5,17.176528
19.869204,5,17.180898
-100.0,100,17.267025
-89.258136,91,17.348392
19.794879,5,17.352862
-53.534925,56,17.400492
2.611861,5,17.405484
3.631344,5,17.409779
-36.0,36,17.440652
11.347877,5,17.446842
-4.326149,5,17.451666
-100.0,100,17.536727
15.219061,5,17.541181
37.156591,5,17.545549
73.562182,5,17.552542
-100.0,100,17.640216
36.845606,5,17.644621
0.43169,5,17.64901
17.285736,5,17.654409
-96.0,96,17.761963
25.737184,5,17.767924
25.592723,5,17.772242
-2.828142,5,17.777179
9.438679,5,17.781496
-2.621877,5,17.787716
-3.495123,5,17.79183
1.422092,5,17.796789
45.658957,5,17.801093
-100.0,100,17.887373
7.51333,5,17.893749
19.794879,5,17.898919
-27.0,27,17.922508
-51.0,51,17.964508
4.975486,5,17.970698
40.227698,5,17.975704
-48.518035,51,18.019456
-34.0,34,18.04845
66.967848,5,18.052883
72.258736,5,18.05998
84.102767,5,18.064328
9.532279,5,18.068625
-100.0,100,18.154757
11.991856,5,18.160053
-7.838179,9,18.169207
-5.0,5,18.1742
5.224514,5,18.178276
44.177306,5,18.184325
-59.450842,61,18.236749
-8.0,8,18.243581
-91.407216,93,18.322415
-79.0,79,18.391521
-96.615904,100,18.476485
19.16804,5,18.480897
-99.0,100,18.565193
12.820408,5,18.570502
8.206307,5,18.574881
-2.019545,5,18.58116
18.680794,5,18.585534
-30.0,31,18.612229
10.722967,6,18.616727
-100.0,100,18.678048
69.980113,5,18.680538
-100.0,100,18.716736
2.442639,5,18.719122
-100.0,100,18.755166
17.297654,5,18.763227
-100.0,100,18.849372
-47.517223,53,18.899387
20.384491,5,18.904035
2.676375,5,18.907853
-23.219368,28,18.931161
4.440021,5,18.93879
-58.0,59,18.987208
68.99755,5,18.993485
-20.0,20,19.016388
77.9025,5,19.022372
56.274061,5,19.027052
-54.0,54,19.075462
-44.975127,51,19.119574
-91.0,92,19.199672
-19.604992,23,19.21973
-94.032734,100,19.305855
43.732946,5,19.310286
24.945447,5,19.318063
-98.454735,100,19.404016
45.776932,5,19.408427
81.763696,5,19.4127
2.442639,5,19.41863
-99.214732,100,19.505616
-100.0,100,19.591369
-100.0,100,19.675328
2.759427,6,19.683768
20.384491,5,19.688326
-2.019545,5,19.692908
-1.796885,5,19.698987
44.177306,5,19.704807
-69.0,69,19.762123
-29.75465,40,19.796491
-21.0,22,19.817403
24.125951,5,19.823489
18.942057,5,19.828059
-97.940063,100,19.913324
17.942057,6,19.920723
2.192122,5,19.926636
15.476614,5,19.930725
-14.0,14,19.943369
-99.0,100,20.031465
-22.575528,29,20.059313
-65.0,65,20.113281
-98.637548,100,20.197943
-38.0,38,20.231132
17.537958,5,20.237223
-28.595374,44,20.274975
44.769424,5,20.279379
1.83188,5,20.28381
46.691811,5,20.291702
3.574749,5,20.296363
74.370445,5,20.300713
7.763217,5,20.304824
-75.917728,80,20.378565
9.047792,5,20.385031
74.755959,6,20.390277
10.469329,5,20.394609
-78.0,79,20.468337
-30.540011,42,20.507379
3.32589,5,20.512085
35.108756,5,20.516706
5.787681,5,20.523469
-62.073062,65,20.583779
-5.633638,11,20.591893
-28.0,28,20.616493
-34.0,34,20.651775
43.631731,6,20.656566
12.125611,6,20.663155
-100.0,100,20.752138
-63.0,63,20.808548
6.347017,5,20.812945
-21.0,21,20.831019
72.825046,5,20.83549
43.724951,5,20.843554
-60.0,60,20.897918
-43.0,43,20.932914
-92.742657,95,21.01538
73.286975,5,21.02152
-8.0,9,21.030714
7.743931,5,21.03509
42.855826,5,21.039441
7.682449,5,21.0452
-23.0,23,21.065658
9.273565,6,21.072537
-2.483874,5,21.07658
-11.0,11,21.088009
87.647138,5,21.092332
14.456169,5,21.09662
45.470264,5,21.100916
-68.0,68,21.159299
41.20931,5,21.165593
-2.157271,5,21.169988
-25.0,25,21.191772
-97.534925,100,21.279403
35.373865,5,21.283871
-44.0,44,21.323467
1.83188,5,21.32963
5.302258,5,21.335678
-7.637548,9,21.343119
-22.0,22,21.362476
7.428054,5,21.366839
-95.389465,100,21.455195
23.893397,5,21.459623
19.990579,5,21.463718
-2.828142,5,21.470163
72.368462,5,21.476046
44.521212,6,21.480537
-80.77533,81,21.551364
-30.0,31,21.576034
68.677977,5,21.583642
-86.677682,100,21.668013
-16.0,16,21.681737
7.875642,5,21.686348
2.442639,5,21.692129
19.990579,5,21.69641
-94.069309,96,21.779372
-65.0,65,21.837237
-77.0,78,21.904273
-98.825745,100,21.989474
6.185218,5,21.993772
-44.073062,47,22.033923
-100.0,100,22.11864
11.82154,5,22.122962
-61.0,61,22.175677
-14.0,14,22.186761
41.689767,5,22.192911
-76.0,77,22.258563
6.620239,5,22.262766
5.329607,18,22.277243
-98.0,100,22.366153
51.812652,6,22.374145
-21.770709,29,22.400326
-99.0,100,22.487972
-1.97595,5,22.493967
-54.557361,62,22.547424
19.16804,5,22.551805
-47.028258,58,22.601906
-1.27573,12,22.613783
18.474157,5,22.619853
3.637144,12,22.630236
-39.028258,50,22.67229
18.088961,5,22.680154
-4.857132,16,22.694155
-100.0,100,22.780389
17.204333,5,22.78479
7.277049,5,22.790514
-46.0,46,22.830784
-49.494032,53,22.875844
-100.0,100,22.962986
4.333245,5,22.968957
-3.028258,14,22.987207
-2.057101,16,23.001307
2.464859,17,23.015821
20.384491,5,23.021721
4.896685,5,23.026029
-82.032543,98,23.110785
-97.454735,100,23.19548
-96.604992,100,23.234567
71.018012,5,23.236958
-98.625576,100,23.273154
-100.0,100,23.310119
19.869204,5,23.312454
-0.793879,5,23.32168
1.546776,5,23.328087
-2.741006,5,23.332295
14.230725,5,23.33653
59.313156,5,23.343876
-84.0,84,23.417805
12.222653,5,23.422292
78.155624,5,23.426855
5.474249,6,23.434971
22.89399,5,23.439627
-2.019545,5,23.444052
41.440661,5,23.448447
-95.922302,100,23.53775
19.16804,5,23.544024
-99.0,100,23.630415
-6.680884,9,23.637805
-19.805316,36,23.669264
2.945251,5,23.674079
-97.582326,100,23.757246
-99.0,100,23.841803
57.089542,6,23.849706
-44.0,44,23.886352
67.885393,5,23.890766
-7.0,7,23.897335
-100.0,100,24.148863
-40.0,40,24.183593
0.442639,5,24.187948
-20.467721,35,24.224326
-13.676903,17,24.23945
41.440661,5,24.243862
76.52495,5,24.24851
-20.0,20,24.265932
-69.0,69,24.32711
0.903389,5,24.331899
-1.97595,5,24.33811
-1.06868,5,24.34249
-56.0,57,24.420984
3.873482,5,24.42537
43.732946,5,24.429752
-2.621877,5,24.434138
17.977217,5,24.44093
3.821219,5,24.447631
-100.0,100,24.531447
-2.157271,5,24.535876
-27.0,27,24.559353
-70.0,71,24.622232
-15.32608,16,24.636254
-11.517086,21,24.653249
11.620273,5,24.658242
-17.490972,19,24.676517
-98.825745,100,24.761204
10.150795,5,24.76538
-10.0,10,24.777207
-56.0,56,24.824343
-70.003107,100,24.910238
-23.60256,36,24.940554
11.83963,5,24.945683
-42.50119,44,24.983247
16.8372,5,24.987683
6.347017,5,24.99209
52.425836,5,24.999346
-96.604992,100,25.087056
0.996893,29,25.111273
-2.084123,5,25.115345
-11.897833,23,25.136492
-23.0,24,25.156761
-0.557361,6,25.160967
-20.0,20,25.178261
-76.0,76,25.242698
-9.0,9,25.251923
-98.0,98,25.333428
-15.0,15,25.346459
42.303672,5,25.351651
-100.0,100,25.438228
45.334805,5,25.442719
-100.0,100,25.545705
43.969546,5,25.553133
-41.0,41,25.587373
-1.909936,5,25.591524
-38.0,38,25.625662
-99.0,100,25.713891
-1.90947,6,25.719315
26.27788,5,25.723861
14.409242,5,25.7301
81.490714,5,25.735415
-99.0,100,25.821013
-27.90166,30,25.844879
-21.0,21,25.864263
-72.326149,73,25.926798
-97.582326,100,26.01483
32.848106,5,26.018965
-46.0,46,26.059841
-68.0,68,26.120554
-42.917728,47,26.16081
16.369188,5,26.166989
-58.115288,83,26.238651
-72.0,72,26.302524
-98.695591,100,26.388695
-52.913189,79,26.457227
15.538449,5,26.461251
70.923427,5,26.468465
-2.884475,5,26.472947
-100.0,100,26.556644
-39.612497,43,26.595263
76.16592,5,26.600272
47.492159,5,26.604596
1.546776,5,26.609033
73.074498,5,26.615217
2.487666,5,26.620353
6.234499,5,26.625037
24.125951,5,26.62939
-59.454735,61,26.684489
66.542714,5,26.691201
5.302258,5,26.695492
-2.863783,5,26.699991
75.826298,5,26.706306
75.755959,5,26.711494
-5.0,5,26.715364
0.871636,5,26.719845
-17.0,17,26.736155
-13.615904,17,26.752151
58.069898,5,26.756688
-2.157271,5,26.761102
45.776932,5,26.767358
40.965467,5,26.772236
57.127165,5,26.776379
-97.768949,100,26.862733
1.663246,5,26.867191
27.24479,5,26.87431
-11.0,11,26.882584
-9.0,10,26.893725
-8.725731,29,26.919094
-2.871328,5,26.924384
-100.0,100,27.009495
-55.022673,57,27.060271
-46.557361,54,27.106064
28.309902,4,27.110731
-11.0,11,27.12171
-2.398438,6,27.127768
-1.754369,5,27.13401
17.744688,5,27.139166
-62.956209,67,27.200703
-16.234883,18,27.215149
-23.811837,26,27.238971
-56.0,56,27.290325
-0.793879,5,27.29442
-16.0,16,27.316647
1.546776,5,27.321075
36.845606,5,27.32643
24.125951,5,27.332802
36.710471,5,27.337744
57.49532,5,27.342061
0.293526,5,27.347291
0.44672,5,27.353599
-2.940063,5,27.357633
44.640336,5,27.36215
-19.0,20,27.380213
72.042351,7,27.387128
-97.073062,100,27.472317
-85.0,85,27.543695
-32.0,32,27.571577
-14.0,14,27.584569
4.333245,5,27.588899
38.237183,5,27.5932
-13.258136,15,27.60753
40.934596,5,27.611921
-29.0,29,27.635887
-13.926266,16,27.649817
78.188657,5,27.656713
-96.709936,100,27.752537
-46.454735,48,27.794221
18.329607,5,27.798673
-84.032543,100,27.885022
44.177306,5,27.889599
-100.0,100,27.994424
-76.060756,100,28.032187
73.770253,5,28.034665
-98.825745,100,28.070533
-96.640386,100,28.10655
-96.802292,100,28.194472
-2.884475,5,28.201187
-100.0,100,28.286635
-100.0,100,28.373977
0.326454,22,28.392215
-2.828142,5,28.396507
16.369188,5,28.404611
-83.0,84,28.476695
-99.0,100,28.561985
-23.89348,28,28.586147
15.642128,5,28.592132
72.825046,5,28.59655
-46.0,46,28.636786
74.163848,5,28.641192
23.8964,5,28.647151
-98.568806,100,28.73165
-2.03911,5,28.735901
43.969546,5,28.74204
66.542714,5,28.747977
-100.0,100,28.8337
-100.0,100,28.920286
-100.0,100,29.004989
72.825046,5,29.011256
2.442639,5,29.015616
9.115002,5,29.021923
-16.342766,21,29.040023
-10.0,11,29.051807
-32.389019,53,29.096646
-57.144273,100,29.181019
20.384491,5,29.185433
0.969698,5,29.191227
44.640336,5,29.19733
-7.457123,20,29.231934
14.285736,8,29.239413
-39.729174,42,29.276565
-9.0,9,29.28387
-0.154983,5,29.290089
25.653963,5,29.294444
44.521212,6,29.30046
-93.47554,100,29.387767
-94.336376,100,29.476585
19.990579,5,29.482973
-100.0,100,29.570324
-84.595374,100,29.657495
-2.03911,5,29.662092
17.285736,5,29.667281
-53.0,53,29.714908
6.202296,5,29.721405
-100.0,100,29.808297
10.469329,5,29.812748
3.873482,5,29.818719
31.564652,5,29.822864
43.732946,5,29.829616
-44.0,44,29.868553
2.745469,5,29.874463
-100.0,100,29.960168
-78.0,78,30.026154
-100.0,100,30.111752
-99.0,100,30.199231
-99.0,100,30.285236
4.333245,5,30.291708
79.474558,5,30.296093
-17.0,17,30.311881
48.263939,5,30.316199
-70.0,70,30.377552
1.282388,5,30.382108
-99.0,100,30.468147
20.384491,5,30.472534
6.924747,5,30.47867
-12.335814,15,30.489961
69.980113,5,30.497937
-1.06868,5,30.50226
44.179132,6,30.507303
-1.485182,5,30.513339
33.97149,5,30.518938
-99.0,100,30.602756
-32.0,32,30.630129
29.613434,5,30.634271
58.069898,5,30.640337
-100.0,100,30.726632
15.761817,5,30.732991
84.723584,5,30.737349
-21.0,21,30.756188
-76.633284,81,30.828582
-100.0,100,30.913
11.126273,5,30.919004
-3.124097,5,30.925008
18.942057,5,30.929149
-75.0,75,30.994739
45.470264,5,30.999266
5.474249,6,31.007935
-28.470192,36,31.03933
50.761204,5,31.04375
6.202296,5,31.049867
33.077178,5,31.055619
8.724907,5,31.061796
66.542714,5,31.066333
-68.073062,71,31.126116
-8.568806,10,31.135412
-99.0,100,31.222319
-99.0,100,31.309065
-6.575528,13,31.320139
-100.0,100,31.412011
-53.0,53,31.46123
73.470001,5,31.465941
-68.013597,79,31.533154
-97.838451,100,31.619212
49.996744,5,31.623614
-43.754369,47,31.665008
5.074689,5,31.669323
3.98384,5,31.675709
17.950835,5,31.680608
6.924747,5,31.686741
-3.354968,5,31.690564
35.373865,5,31.696251
52.408278,5,31.700586
26.521378,5,31.706565
27.069868,5,31.713615
-5.727559,15,31.72854
12.889976,5,31.733151
1.546776,5,31.73753
3.952801,5,31.741878
75.07307,5,31.749165
49.025115,5,31.753566
71.335199,5,31.75789
73.647138,19,31.774571
-100.0,100,31.860219
0.39076,5,31.864856
-70.0,70,31.927838
-16.326149,17,31.941333
2.487666,5,31.94729
73.925978,5,31.951654
-35.0,35,31.981638
68.04686,5,31.985986
-38.081967,61,32.040111
-5.0,5,32.044012
0.297503,5,32.048404
6.202296,5,32.052809
-97.871328,100,32.138319
17.450822,5,32.144446
5.58872,5,32.148842
-100.0,100,32.233756
-79.0,80,32.302858
-70.0,70,32.361056
12.244209,5,32.368817
73.930703,5,32.373333
-99.0,100,32.458479
-19.0,19,32.475271
-96.802292,100,32.568765
12.233525,5,32.571211
7.277049,5,32.573563
-100.0,100,32.609143
2.516425,5,32.611461
47.188913,5,32.62054
-32.0,32,32.647731
-45.0,45,32.686675
40.002974,6,32.691445
23.160204,25,32.714242
12.233525,5,32.718634
1.848847,5,32.723995
4.333245,5,32.728296
52.603733,5,32.734478
-7.0,7,32.739167
9.989864,5,32.746665
-37.275443,38,32.779506
8.724907,5,32.783967
53.875598,5,32.789963
-100.0,100,32.87637
-2.03911,5,32.880798
-8.454735,11,32.891095
-0.327739,5,32.895466
-9.838451,12,32.907888
49.17348,5,32.91235
18.942057,5,32.916673
-13.0,13,32.929409
-1.703871,5,32.93516
-2.884475,5,32.939415
69.637295,5,32.943742
-30.0,30,32.970182
-93.0,94,33.051466
-99.0,100,33.136104
-100.0,100,33.223353
3.405453,5,33.229533
-1.756984,5,33.235456
4.359172,5,33.239488
12.222653,5,33.24382
-13.486034,18,33.259731
5.480943,5,33.265215
14.464859,5,33.269712
-25.0,25,33.292391
45.334805,5,33.296744
-100.0,100,33.383151
-29.0,29,33.407405
0.903389,5,33.411803
-86.0,87,33.485579
-83.0,83,33.558807
-50.490972,52,33.602196
11.722967,5,33.606584
-100.0,100,33.69207
0.480341,5,33.697829
-2.7358,5,33.703563
75.732507,5,33.707915
-71.0,71,33.768869
55.885125,5,33.774687
-98.825745,100,33.860708
2.529808,5,33.86516
61.877459,5,33.869612
-12.0,13,33.883437
-30.866515,32,33.913912
5.081245,5,33.918247
21.469579,5,33.922567
-0.307946,5,33.928277
-40.490972,42,33.964579
44.769424,5,33.968914
-6.145623,29,33.993186
-2.157271,5,34.000895
-44.0,44,34.03787
-39.0,39,34.069802
-65.0,65,34.126748
-97.863783,100,34.212787
24.829006,5,34.216936
2.897786,5,34.220988
-63.136805,67,34.278372
-100.0,100,34.364489
-52.55735,59,34.416204
-0.467721,15,34.427838
-11.55328,17,34.444049
-36.0,37,34.476225
45.416408,5,34.480658
59.313156,5,34.484965
3.977235,5,34.491079
40.002974,6,34.497161
3.631344,5,34.501526
-28.32608,29,34.527883
8.596045,5,34.53229
45.658957,5,34.538266
8.164057,5,34.542331
-87.398509,100,34.626517
-100.0,100,34.711829
-45.122476,49,34.756688
-97.073062,100,34.843675
0.498155,5,34.847807
19.16804,5,34.852154
1.848847,5,34.858112
-32.365643,40,34.893703
-73.0,73,34.95838
-100.0,100,35.047535
5.302258,5,35.05351
-2.470192,10,35.061678
12.820408,5,35.067902
76.32949,5,35.072594
-84.086599,100,35.16052
-8.030287,15,35.174211
78.187405,5,35.178644
25.283381,5,35.182882
-2.019545,5,35.189257
-100.0,100,35.277724
-8.361768,13,35.290228
-15.50471,28,35.31484
-96.0,96,35.398188
-80.233769,100,35.48776
-96.350947,100,35.581323
-23.623733,50,35.623897
3.783989,5,35.629702
-1.97595,5,35.63604
72.468054,5,35.64057
59.036618,5,35.645043
26.54634,5,35.650734
-4.062049,5,35.656282
41.002974,5,35.660619
-47.0,47,35.70345
58.92426,5,35.709692
-100.0,100,35.795467
-13.389465,18,35.809919
-100.0,100,35.895115
80.001785,5,35.902946
53.490695,5,35.907001
8.596045,5,35.911349
-30.0,30,35.938464
-1.06868,5,35.944308
42.303672,5,35.948417
-27.765516,30,35.974894
3.631344,5,35.980492
-67.0,67,36.042614
-42.79069,89,36.11764
65.314879,5,36.122208
-9.0,9,36.129361
36.710471,5,36.137065
-92.516272,96,36.218409
-46.27573,57,36.266756
-19.0,19,36.285105
0.013876,5,36.290765
6.402186,9,36.298025
45.334805,5,36.302466
18.480218,5,36.30858
-100.0,100,36.394581
-0.552536,5,36.398785
75.732507,5,36.403168
-100.0,100,36.489206
-51.91598,64,36.545581
0.513146,5,36.549858
16.841543,5,36.555444
-99.0,100,36.640457
1.546776,5,36.646432
-62.77533,63,36.700071
50.085913,5,36.704429
-54.893511,59,36.754375
-16.0,16,36.771373
6.935743,5,36.775457
-100.0,100,36.858891
-100.0,100,36.942093
23.58758,5,36.948092
10.002134,5,36.952127
3.783989,5,36.957942
-3.917728,8,36.96462
14.228087,5,36.970519
69.637295,5,36.974839
3.032218,5,36.979147
-5.0,5,36.984966
7.277049,5,37.024526
-100.0,100,37.060056
-100.0,100,37.095397
-94.70564,100,37.130993
80.971853,5,37.133318
