#{"t_start": 1745977309.7449207, "env_id": "None"}
r,l,t
77.746286,4,0.01323
0.663625,4,0.01626
28.628953,4,0.019239
40.209685,4,0.022202
39.563152,6,0.026274
21.566308,4,0.02926
-5.0,5,0.032621
5.387386,4,0.035579
49.186831,4,0.038568
23.786086,4,0.041553
15.639713,4,0.044437
-100.0,100,0.10191
3.594685,9,0.107769
44.531546,4,0.110739
-100.0,100,0.16735
-98.609835,100,0.224161
-4.0,4,0.226916
26.637251,4,0.229861
21.096864,4,0.232833
52.060762,4,0.235751
-2.177134,4,0.238701
-1.39783,4,0.241637
-25.0,25,0.25628
1.539185,4,0.259194
24.83072,4,0.262089
8.099886,4,0.264986
1.102317,4,0.26782
-100.0,100,0.325069
-7.0,7,0.32953
62.176989,4,0.332497
15.747247,4,0.33543
-72.0,72,0.376467
-8.0,8,0.381475
24.83072,4,0.384396
-73.223205,100,0.441519
14.112359,4,0.444579
-100.0,100,0.501358
-100.0,100,0.558656
0.663625,4,0.561728
-5.0,5,0.565299
-0.131777,4,0.568543
-1.03329,6,0.572751
22.776795,4,0.575891
28.486402,4,0.579007
-91.586439,100,0.647053
27.761775,4,0.650183
-11.0,11,0.656956
26.637251,4,0.659888
8.090565,4,0.662846
-7.0,7,0.667316
19.218309,4,0.670265
15.796273,4,0.673222
13.926257,4,0.67611
-2.535426,4,0.67906
10.482954,4,0.681911
29.874638,4,0.684812
-1.473105,4,0.687644
24.83072,4,0.690538
28.35086,5,0.694149
10.068068,4,0.697071
20.738777,4,0.699956
22.776795,4,0.702899
24.83072,4,0.705794
-91.586439,100,0.762789
29.548721,4,0.76576
25.256745,4,0.768688
-7.0,7,0.773198
66.509132,4,0.776163
31.457888,4,0.779047
-5.0,5,0.782379
-2.146889,4,0.785404
44.200014,4,0.788519
1.827718,4,0.791422
-91.586439,100,0.848728
-4.0,4,0.851771
-1.85628,4,0.854946
-0.177367,4,0.857907
-34.0,34,0.87896
34.438879,4,0.882365
27.761775,4,0.885729
44.673225,4,0.889124
23.786086,4,0.892349
28.550503,4,0.895443
0.102317,5,0.899158
36.027527,4,0.902133
31.457888,4,0.905065
-0.362742,4,0.908005
-0.570117,100,0.980372
43.731811,4,0.983353
6.622488,5,0.986878
43.731811,4,0.989821
0.96671,4,0.992727
-0.362742,4,0.995636
33.074383,4,0.998597
-45.0,45,1.024603
13.890878,5,1.028061
10.75028,4,1.030981
49.186831,4,1.033929
1.539185,4,1.03686
-5.0,5,1.040241
-100.0,100,1.097021
-11.566201,22,1.110038
4.72168,4,1.113117
-100.0,100,1.170346
51.342738,4,1.173339
19.566863,4,1.176301
15.639713,4,1.179118
27.410371,4,1.182065
-22.0,22,1.19497
-24.0,24,1.214184
34.282494,4,1.217153
-2.484928,4,1.22
3.413227,4,1.222985
7.712086,4,1.225926
-2.244338,6,1.229903
-100.0,100,2.104362
8.090565,4,2.107464
-100.0,100,2.164518
-7.0,7,2.169018
-16.617224,19,2.180436
-98.609835,100,2.237503
26.637251,4,2.240474
3.853718,4,2.243363
8.477368,4,2.246212
-1.10017,4,2.249056
-1.664334,4,2.252009
-3.0,100,2.323513
-4.0,4,2.326304
-100.0,100,2.383379
-0.327098,4,2.388202
10.095822,4,2.391045
27.761775,4,2.39418
31.440353,4,2.397173
18.29044,4,2.400062
55.41255,4,2.403049
-100.0,100,2.461771
11.459177,4,2.465179
8.090565,4,2.468452
-29.0,29,2.486306
27.761775,4,2.48941
51.384885,4,2.492408
12.552411,4,2.495632
49.186831,4,2.498616
-17.0,17,2.508744
14.890878,4,2.511628
14.805499,100,2.568628
18.25003,4,2.571679
1.827718,4,2.574602
-4.405315,17,2.584883
-100.0,100,2.643032
-4.310565,6,2.647274
5.479232,4,2.650208
8.477368,4,2.653101
66.509132,4,2.656055
41.563152,4,2.658981
30.904732,4,2.661871
31.457888,4,2.664782
-2.754164,4,2.66773
-7.121319,16,2.677347
-66.0,66,2.714957
-100.0,100,2.771367
0.102317,5,2.774794
19.672151,4,2.777733
-5.0,5,2.781085
19.672151,4,2.784007
-1.230327,4,2.787157
-46.0,46,2.814709
-9.86327,12,2.822096
-0.59109,4,2.825144
-91.586439,100,2.88188
3.853718,4,2.884809
-100.0,100,2.942734
-15.0,15,2.952431
5.387386,4,2.959341
-13.0,13,2.968173
-1.59109,5,2.972285
-5.0,5,2.975919
-100.0,100,3.033422
8.823865,4,3.036488
-100.0,100,3.093214
3.879725,4,3.096111
-1.85628,4,3.099467
25.156934,4,3.102418
-89.566201,100,3.159441
-20.0,20,3.171338
51.384885,4,3.174332
21.560923,4,3.177322
7.712086,4,3.18029
-4.0,4,3.183058
-100.0,100,3.240089
1.827718,4,3.243053
49.186831,4,3.246011
27.761775,4,3.249007
-47.0,47,3.276214
15.753261,4,3.279312
15.553711,5,3.282853
14.112359,4,3.285806
20.838534,4,3.288763
-2.0,100,4.173671
13.759805,4,4.176704
-2.326075,4,4.179718
-4.0,4,4.182575
3.879725,4,4.185467
5.208328,4,4.188313
-100.0,100,4.245205
35.216078,4,4.248112
3.879725,4,4.251004
-4.0,100,4.322618
34.282494,4,4.325598
-100.0,100,4.382457
8.823865,4,4.385402
18.25003,4,4.388493
52.060762,4,4.391421
13.728944,4,4.394252
50.23643,4,4.39723
50.507664,4,4.400205
49.213116,4,4.403156
11.109192,4,4.406044
17.817915,4,4.408906
-96.244338,100,4.466002
18.29044,4,4.468901
0.0,100,4.540551
15.747247,4,4.543489
20.838534,4,4.546587
-43.0,43,4.571281
-1.113604,4,4.574199
13.903945,10,4.580572
52.060762,4,4.5835
20.031411,4,4.586454
-61.0,61,4.621282
50.23643,4,4.624275
0.102317,5,4.627715
17.602034,4,4.630684
-2.177134,4,4.636847
4.72168,4,4.639883
29.874638,4,4.642766
34.282494,4,4.645694
20.716418,4,4.648644
-100.0,100,4.705466
41.563152,4,4.708399
-100.0,100,4.782324
49.186831,4,4.784886
-0.59109,4,4.787314
-100.0,100,4.83446
19.566863,4,4.836865
11.881539,4,4.848441
0.903945,23,4.862203
-23.0,23,4.875672
26.637251,4,4.878778
-1.514319,4,4.882066
89.134599,4,4.885298
15.796273,4,4.888533
-100.0,100,4.946293
-100.0,100,5.003621
8.823865,4,5.007138
-82.548959,100,5.064949
-100.0,100,5.1243
19.566863,4,5.127406
32.117822,4,5.130322
-0.327098,4,5.133285
-100.0,100,5.189817
-14.0,14,5.198192
-0.327098,4,5.20241
-2.326075,4,5.205613
-15.0,15,5.215023
19.672151,4,5.218181
-7.121319,16,5.228347
-100.0,100,5.287607
-6.0,6,5.291747
34.282494,4,5.299356
-99.0,99,5.358847
-43.0,43,5.384961
25.752971,4,5.388003
-22.0,22,5.401437
-2.541976,4,5.40433
1.827718,4,5.407329
-80.163108,100,5.465967
11.105991,8,5.47105
-100.0,100,5.52796
34.693305,4,5.531155
-24.517046,39,6.385871
44.200014,4,6.388928
-5.0,5,6.392252
-0.570117,100,6.465344
-2.0,100,6.53829
-100.0,100,6.596074
12.63202,4,6.599107
-100.0,100,6.656884
11.297343,5,6.660452
19.566863,4,6.663397
9.759954,4,6.666345
38.051792,4,6.669261
64.278157,4,6.672217
-1.327098,5,6.675686
44.555048,4,6.67867
-3.213451,4,6.681647
55.41255,4,6.68463
-13.0,13,6.69254
10.552411,6,6.696666
-60.49455,100,6.754251
21.566308,4,6.757234
-33.0,33,6.776488
-0.59109,4,6.779474
14.890878,4,6.782344
-1.327098,5,6.785815
-1.39783,4,6.788765
-100.0,100,6.845427
5.479232,4,6.848373
-1.0,100,6.92008
-82.548959,100,6.980723
-16.0,16,6.990574
-4.0,100,7.063698
-5.581477,8,7.069236
18.29044,4,7.072199
-1.85628,4,7.075234
12.63202,4,7.078259
-35.0,35,7.099044
11.603945,4,7.102
-18.827814,21,7.114692
34.693305,4,7.117686
-80.111547,100,7.176347
-5.0,5,7.179724
26.637251,4,7.182722
6.610044,6,7.186779
-12.517046,27,7.202933
52.500534,4,7.205992
6.78477,5,7.2096
11.881539,4,7.212552
33.818057,4,7.215543
41.563152,4,7.218491
61.329325,4,7.221538
3.145703,4,7.22452
23.275455,4,7.22742
49.186831,4,7.230412
20.780815,6,7.234499
-0.362742,4,7.237512
44.555048,4,7.240554
82.248422,4,7.243536
-11.0,11,7.250464
6.78477,5,7.254096
1.479232,8,7.259436
53.947464,4,7.262456
-2.541976,4,7.26539
-1.0,100,7.339122
0.96671,4,7.342175
-1.696917,4,7.345073
52.060762,4,7.348035
38.368594,4,7.350997
-1.581477,4,7.353945
-3.310565,5,7.357739
-60.49455,100,7.416392
36.698599,4,7.41941
18.25003,4,7.422503
-100.0,100,7.483961
-4.0,4,7.486809
64.278157,4,7.489867
55.41255,4,7.49287
30.8578,4,7.495974
6.78477,5,7.499576
-3.310565,5,7.503341
-12.0,12,7.510817
-0.570117,100,7.585365
33.074383,4,7.588365
19.903945,4,7.59131
-5.0,5,7.59469
8.823865,4,7.597614
-100.0,100,7.654573
-8.0,8,7.659638
22.780815,4,7.662619
-0.570117,100,8.54941
30.062855,4,8.552453
-22.0,22,8.565415
52.060762,4,8.568372
12.478109,4,8.57125
-3.310565,5,8.574903
52.060762,4,8.577821
35.761277,4,8.580813
7.956198,4,8.583627
-10.0,10,8.589762
41.563152,4,8.592726
-0.327098,4,8.595648
-100.0,100,8.652556
-2.29696,4,8.655593
-2.327098,6,8.659688
4.72168,4,8.662756
-9.0,9,8.668378
-3.827814,6,8.672361
49.186831,4,8.6753
-10.0,10,8.681495
-47.815976,100,8.738622
8.594685,4,8.741556
17.25003,5,8.745178
-100.0,100,8.802327
1.102317,4,8.805226
-22.0,22,8.818114
-7.0,7,8.822567
-39.0,39,8.845078
-6.0,6,8.849003
-5.0,5,8.852313
-2.784174,4,8.855247
18.29044,4,8.858105
-2.310565,4,8.863335
-13.751578,100,8.920303
-100.0,100,8.977249
-0.327098,4,8.980232
14.890878,4,8.983173
-100.0,100,9.040447
19.672151,4,9.043392
-0.570117,100,9.115505
17.80766,4,9.118469
33.074383,4,9.121422
3.853718,4,9.124343
-100.0,100,9.181316
3.413227,4,9.184341
-0.094955,4,9.187168
50.96119,4,9.190096
20.738777,4,9.192996
77.428611,4,9.195934
26.761775,5,9.199508
-100.0,100,9.256695
-1.85628,4,9.259915
49.186831,4,9.262899
-26.0,26,9.278173
8.594685,4,9.281125
-0.59109,4,9.284175
29.825045,4,9.287103
36.38456,4,9.290019
8.594685,4,9.292945
8.594685,4,9.295862
43.731811,4,9.298843
3.413561,5,9.302269
15.676448,4,9.30527
-100.0,100,9.363889
18.188446,4,9.366948
-100.0,100,9.425361
12.758209,4,9.428465
34.761277,5,9.43211
7.477368,5,9.435613
1.827718,4,9.44387
41.563152,4,9.446914
-100.0,100,9.505531
28.628953,4,9.508625
15.061722,4,9.511511
-5.0,5,9.515127
-48.0,48,9.543874
3.48516,4,9.546817
51.014935,4,9.549793
44.555048,4,9.552823
5.208328,4,9.555722
17.80766,4,9.558792
-5.0,5,9.562341
12.552411,4,9.565409
13.926257,4,9.568397
-100.0,100,9.627429
3.145703,4,9.630591
13.759805,4,9.633657
-100.0,100,9.687108
8.090565,4,9.689582
21.560923,4,9.691975
-100.0,100,9.739865
-100.0,100,9.787668
-2.485966,4,9.791794
33.074383,4,9.794956
15.796273,4,9.797892
34.761277,5,9.801495
28.628953,4,9.804458
7.477368,5,9.807914
-5.0,5,9.811307
19.672151,4,9.814234
-6.0,6,9.818149
11.231584,5,9.821802
44.200014,4,9.824763
-100.0,100,9.881973
51.384885,4,9.884996
-100.0,100,10.851458
26.637251,4,10.85459
-7.0,7,10.859078
5.594685,7,10.863714
17.626507,4,10.866679
26.637251,4,10.869598
-0.327098,4,10.872558
49.186831,4,10.875498
1.038427,4,10.878366
-2.29696,4,10.881396
-1.85628,4,10.88442
8.090565,4,10.887348
50.23643,4,10.890286
-2.326075,4,10.893335
-100.0,100,10.950284
-6.0,6,10.954212
19.672151,4,10.957157
1.827718,4,10.960089
-4.0,4,10.962845
-8.0,8,10.967844
-2.338919,4,10.970738
-4.0,4,10.973512
-100.0,100,11.030412
-5.0,5,11.033761
-0.59109,4,11.036791
-1.230327,4,11.039672
-2.581477,5,11.043148
12.552411,4,11.046079
-1.617224,4,11.048947
-3.310565,5,11.052592
7.705048,4,11.055402
11.231584,4,11.058267
1.102317,4,11.061114
-15.0,15,11.071366
41.563152,4,11.07429
-100.0,100,11.131086
18.25003,4,11.134161
-6.0,6,11.138056
-5.0,5,11.141391
-4.0,4,11.14418
18.181244,4,11.1471
-5.517046,20,11.158895
9.29557,4,11.161723
-39.431188,100,11.218115
-1.0,100,11.289567
19.112044,13,11.30257
18.29044,4,11.305458
0.0,100,11.377462
26.637251,4,11.380427
23.786086,4,11.383353
6.594685,6,11.387514
-0.59109,4,11.390494
8.610044,4,11.393333
-1.230327,4,11.396222
-80.0,80,11.441613
0.96671,4,11.444528
35.216078,4,11.447392
-15.0,15,11.456386
19.218309,4,11.459329
3.879725,4,11.462204
5.479232,4,11.465138
70.279001,5,11.46867
-100.0,100,11.525163
-3.474803,4,11.527987
12.890878,6,11.532003
17.80766,4,11.534961
32.157399,5,11.538399
34.693305,4,11.541354
49.186831,4,11.544288
-1.85628,4,11.547258
29.35086,4,11.550281
0.0,100,11.621763
0.0,100,11.693689
11.881539,4,11.69662
32.117822,4,11.699528
16.553711,4,11.702457
77.428611,4,11.705412
32.117822,4,11.708303
26.637251,4,11.711205
-0.058141,5,11.714731
-0.961573,6,11.718709
-4.0,4,11.72146
52.500534,4,11.724479
34.282494,4,11.727414
-2.852466,4,11.730412
-100.0,100,11.786986
41.563152,4,11.789921
10.410303,5,11.79795
41.563152,4,11.800887
17.25003,5,11.804502
18.566863,5,11.807998
17.602034,4,11.811005
-3.310565,5,11.814667
48.910746,4,11.817607
-1.10017,4,11.820446
-2.0,100,11.891996
-5.0,5,11.895379
7.947052,4,11.89832
18.29044,4,11.901191
19.384401,4,11.904051
-82.548959,100,11.960764
-1.85628,4,11.963772
15.425635,5,11.967286
-2.827814,5,11.970679
2.827241,4,11.973608
0.59448,4,11.976591
36.698599,4,11.979506
1.102317,4,11.982349
-1.85628,4,11.985466
9.759954,4,11.988417
9.489341,5,11.991793
-100.0,100,12.048331
-0.327098,4,12.05124
41.563152,4,12.054133
54.220701,4,12.057097
72.544634,4,12.060025
49.186831,4,12.062996
-0.566201,11,12.06977
15.747247,4,12.072734
52.060762,4,12.077901
4.364343,4,12.080875
6.610044,6,12.085183
19.566863,4,12.088101
-3.211392,4,12.091016
-4.0,4,12.093779
-91.586439,100,12.150371
10.75028,4,12.153302
24.83072,4,12.156219
-2.812779,4,12.158992
-66.517046,81,13.012966
-1.6252,4,13.01597
-7.0,7,13.020602
-1.894238,4,13.023621
-6.0,6,13.027614
34.282494,4,13.030708
-4.0,4,13.033565
-4.581477,7,13.038277
-0.570117,100,13.111957
8.477368,4,13.115012
-2.06978,4,13.117994
41.563152,4,13.120994
-1.85628,4,13.124087
3.18552,5,13.127667
47.547863,4,13.130756
34.693305,4,13.133808
-4.0,4,13.136706
30.38456,10,13.143394
34.438879,4,13.146403
4.72168,4,13.149515
26.637251,4,13.152505
32.117822,4,13.155472
68.591829,4,13.158482
-1.85628,4,13.161547
18.181244,4,13.164576
29.35086,4,13.167672
-41.932942,100,13.225944
-2.177134,4,13.229144
18.25003,4,13.232269
52.060762,4,13.235239
-1.382645,5,13.238861
3.364343,5,13.242453
-1.579389,4,13.245658
13.659793,4,13.248618
15.836892,4,13.251787
32.117822,4,13.254754
19.672151,4,13.257743
28.486402,4,13.260746
-82.548959,100,13.319011
7.705048,4,13.32209
-0.59109,4,13.32533
4.479232,5,13.328931
-4.0,4,13.331718
27.761775,4,13.334741
8.696014,4,13.33776
36.698599,4,13.340753
-5.0,5,13.344123
18.29044,4,13.347061
-0.327098,4,13.350065
3.72168,5,13.353776
10.068068,4,13.356784
-1.113604,4,13.35974
41.563152,4,13.362755
-0.244338,4,13.365629
-100.0,100,13.423692
34.735063,4,13.426869
30.8578,4,13.429878
41.563152,4,13.432862
34.693305,4,13.435971
0.96671,4,13.438912
-6.827814,9,13.444735
10.603945,5,13.448263
-3.542797,4,13.451188
14.890878,4,13.454132
4.72168,4,13.457249
12.552411,4,13.460265
-29.0,29,13.477546
1.102317,4,13.480476
11.410303,4,13.483422
-4.0,4,13.486205
-100.0,100,13.548506
19.672151,4,13.551561
-3.0,100,13.625005
-2.852466,4,13.628106
8.823865,4,13.631076
-1.85628,4,13.634134
-4.827814,7,13.638803
-100.0,100,13.696791
50.23643,4,13.69986
-1.85628,4,13.70292
19.218309,4,13.70593
-7.0,7,13.710483
12.63202,4,13.713522
20.716418,4,13.716546
74.875619,4,13.719545
8.594685,4,13.722497
19.672151,4,13.725487
-1.617224,4,13.728395
8.594685,4,13.731322
36.698599,4,13.734297
-95.609835,97,13.790851
-7.0,7,13.795488
36.798781,4,13.798538
-100.0,100,13.8569
-0.327098,4,13.860036
1.176504,4,13.862994
-1.85628,4,13.866046
4.72168,4,13.869164
-7.0,7,13.87373
-1.113604,4,13.876724
60.83097,4,13.879649
19.566863,4,13.882676
5.479232,4,13.885656
-9.0,9,13.891353
8.753519,4,13.894382
11.881539,4,13.897328
-0.570117,100,13.970752
-7.0,7,13.975459
61.652539,4,13.97844
4.72168,4,13.981591
9.977749,5,13.98936
-3.310565,5,13.993139
-23.0,23,14.006924
1.038427,4,14.009834
4.367321,4,14.012794
-84.496273,100,14.071496
41.563152,4,14.074526
12.077459,4,14.077497
-2.784174,4,14.080527
19.218309,4,14.08362
48.910746,4,14.086664
19.384401,4,14.089624
-12.0,12,14.097182
-100.0,100,14.155412
24.83072,4,14.158391
-11.0,11,14.165405
-0.59109,4,14.168478
18.29044,4,14.171397
4.72168,4,14.174509
3.853718,4,14.177469
-100.0,100,14.236815
8.823865,4,14.23978
18.29044,4,14.242734
-3.095511,4,14.245614
21.65296,5,14.249162
29.548721,4,14.252221
1.539185,4,14.255198
-1.85628,4,14.25827
1.827718,4,14.261304
-100.0,100,15.143092
20.031411,4,15.146298
-100.0,100,15.205127
26.689195,4,15.208456
-100.0,100,15.266681
0.941859,4,15.269842
1.038427,4,15.272987
77.428611,4,15.276206
-82.548959,100,15.334306
-5.0,5,15.337742
-1.85628,4,15.340823
-5.0,5,15.344214
8.823865,4,15.347162
8.823865,4,15.350104
74.875619,4,15.353138
22.65296,4,15.356073
26.637251,4,15.359054
3.879725,4,15.362046
-2.0,100,15.435591
7.622488,4,15.440943
13.393625,4,15.443907
5.433799,5,15.447416
-0.327098,4,15.450377
-1.760949,4,15.453405
-2.852466,4,15.45651
49.32991,4,15.459481
-100.0,100,15.517398
8.247721,4,15.520671
13.147363,4,15.523805
3.853718,4,15.526767
24.156934,5,15.530346
-2.755351,4,15.533431
35.216078,4,15.5364
-2.717415,4,15.539278
-3.326075,5,15.542964
19.566863,4,15.545981
4.012649,4,15.548999
59.531592,5,15.552617
-100.0,100,15.604026
11.459177,4,15.60648
-100.0,100,15.654738
-0.59109,4,15.657268
-96.244338,100,15.705575
0.864601,4,15.709812
5.208328,4,15.712761
-1.113604,4,15.715729
8.477368,4,15.718689
-7.0,7,15.723238
9.374567,4,15.726128
18.29044,4,15.729118
65.016985,4,15.7321
-100.0,100,15.790668
-1.870868,4,15.793857
-100.0,100,15.85131
18.188446,4,15.854327
93.122027,4,15.85729
-1.113604,4,15.860209
23.93513,4,15.863095
-0.59109,4,15.866085
41.563152,4,15.869079
16.553711,4,15.872012
-1.617224,4,15.874874
17.19938,5,15.878383
21.096864,4,15.881341
-3.0,100,15.952945
5.479232,4,15.955928
28.112044,4,15.958841
77.428611,4,15.961782
-0.244338,4,15.964631
-1.85628,4,15.967617
22.20988,4,15.970493
5.993589,4,15.973439
7.835281,4,15.976376
-100.0,100,16.033144
18.25003,4,16.036213
34.282494,4,16.039126
48.186831,5,16.04264
36.698599,4,16.045569
-31.0,31,16.063574
33.818057,4,16.066535
48.184024,4,16.069452
40.417266,4,16.07237
-3.542797,4,16.075203
30.107124,4,16.078082
3.012649,5,16.08167
31.440353,4,16.084632
-100.0,100,16.141223
1.539185,4,16.144182
12.393625,5,16.14761
-100.0,100,16.204057
-2.244338,6,16.208196
60.337696,4,16.211154
1.539185,4,16.214038
-100.0,100,16.271268
3.413227,4,16.27433
43.731811,4,16.277303
-5.827814,8,16.287464
18.903945,5,16.291018
5.387386,4,16.293966
11.603945,4,16.296872
-10.0,10,16.303014
14.112359,4,16.305951
-0.327098,4,16.308851
8.477368,4,16.311689
13.890878,5,16.315138
92.103745,6,16.31921
-2.784174,4,16.32214
3.012649,5,16.325596
24.83072,4,16.328484
32.441971,4,16.331357
12.478109,4,16.334199
-1.617224,4,16.33708
32.117822,4,16.339978
-1.581477,4,16.342897
1.539185,4,16.345793
-100.0,100,16.402762
-1.581477,4,16.405719
-0.59109,4,16.408727
14.112359,4,16.411657
-100.0,100,16.468961
-2.754164,4,16.471929
4.479232,5,16.475431
35.528971,4,16.47836
37.456214,4,16.481245
34.38456,6,16.485254
-6.0,6,16.489146
40.209685,4,16.492073
-2.636795,4,16.495164
-100.0,100,16.551729
1.464512,4,16.554663
-25.0,25,17.38709
13.759805,4,17.390453
8.823865,4,17.393421
17.602034,4,17.396399
45.931618,4,17.399299
-100.0,100,17.455925
-100.0,100,17.512729
-2.786204,4,17.515706
14.890878,4,17.51861
-2.329001,4,17.521619
-1.85628,4,17.524632
33.074383,4,17.527568
8.823865,4,17.530466
-100.0,100,17.587465
-0.360267,4,17.590584
77.428611,4,17.593555
-100.0,100,17.65027
32.117822,4,17.653248
29.35086,4,17.656318
-2.329001,4,17.659315
-100.0,100,17.716039
3.853718,4,17.718967
33.074383,4,17.721924
3.72168,5,17.725536
11.231584,4,17.728431
-100.0,100,17.785024
9.386488,4,17.787999
3.879725,4,17.790925
-4.0,4,17.793705
7.610044,5,17.797188
-1.327098,5,17.800678
4.18552,4,17.803551
22.37661,4,17.806429
-100.0,100,17.863254
53.063218,4,17.866165
19.280753,4,17.86905
70.642825,5,17.87261
-100.0,100,17.929269
1.464512,4,17.9322
-100.0,100,17.989012
49.168846,4,17.991965
1.539185,4,17.994885
14.112359,4,18.003958
-6.0,6,18.0079
60.531592,4,18.01087
77.428611,4,18.013819
26.637251,4,18.016755
13.759805,4,18.019634
-2.177134,4,18.022594
33.63865,6,18.026618
-100.0,100,18.083965
-3.310565,5,18.08772
9.29557,4,18.090574
49.620804,4,18.093534
17.327976,4,18.096456
-3.326075,5,18.10004
-1.85628,4,18.10308
5.208328,4,18.105943
3.807716,4,18.108815
7.090565,5,18.112368
33.818057,4,18.115312
18.25003,4,18.118349
3.012649,5,18.121822
11.881539,4,18.12474
0.779014,4,18.127709
-100.0,100,18.184569
64.278157,4,18.187562
10.489341,4,18.190389
37.701523,4,18.193359
38.368594,4,18.196263
55.41255,4,18.199217
-3.517046,18,18.209989
-1.327098,5,18.213498
18.188446,4,18.216481
-4.0,100,18.287807
-1.696917,4,18.290693
-2.812779,4,18.293474
-0.094955,4,18.296321
-100.0,100,18.352966
11.410303,4,18.3559
0.864601,4,18.358783
-100.0,100,18.415786
1.827718,4,18.418865
50.168775,4,18.421812
-100.0,100,18.478283
12.758209,4,18.481248
47.547863,4,18.48438
50.96119,4,18.487528
-1.113604,4,18.490411
72.544634,4,18.49353
34.693305,4,18.496479
19.725403,4,18.499406
33.074383,4,18.502342
8.610044,4,18.505194
-100.0,100,18.561766
9.489341,5,18.571378
-1.382645,5,18.574966
8.477368,4,18.577855
48.186831,5,18.581405
3.879725,4,18.584302
-1.664334,4,18.587236
6.962378,4,18.590159
32.117822,4,18.59307
-15.932942,74,19.467078
34.282494,4,19.470809
4.553906,4,19.473954
1.827718,4,19.476967
8.357727,4,19.479941
21.566308,4,19.483044
33.157399,4,19.485983
-4.0,100,19.55907
17.217866,4,19.562346
-100.0,100,19.620553
3.685324,4,19.623394
-1.113604,4,19.626377
19.280753,4,19.6297
-3.827814,6,19.633709
30.904732,4,19.636692
32.441971,4,19.639682
19.384401,5,19.643375
18.25003,4,19.646439
10.603945,5,19.64995
-1.514319,4,19.653186
-4.0,4,19.65609
61.329325,4,19.659063
-1.39783,4,19.662015
21.096864,4,19.664996
21.566308,4,19.668003
46.541953,5,19.671635
-100.0,100,19.729619
6.627149,4,19.732581
3.853718,4,19.735483
-1.85628,4,19.738496
78.241222,4,19.741576
77.428611,4,19.744644
50.96119,4,19.747625
40.004039,4,19.750559
51.155252,4,19.753527
26.689195,4,19.756587
34.282494,4,19.75954
9.386488,5,19.763345
6.384667,7,19.767898
27.761775,4,19.770856
-3.303368,5,19.774454
-91.586439,100,19.83399
-3.310565,5,19.837721
8.823865,4,19.840709
8.357727,4,19.84365
-100.0,100,19.901117
-100.0,100,19.958174
-3.310565,5,19.961882
-2.329001,4,19.964926
-0.570117,100,20.037389
52.060762,4,20.040345
40.209685,4,20.043326
33.270321,5,20.046788
13.836892,6,20.050862
-100.0,100,20.108391
8.594685,4,20.111331
-0.59109,4,20.114329
-100.0,100,20.177619
-9.049737,12,20.185033
17.19938,5,20.188606
50.23643,4,20.191612
-1.327098,5,20.195369
16.553711,4,20.198329
-3.812779,5,20.201697
43.731811,4,20.204654
10.489341,4,20.207495
-10.0,10,20.213711
4.012649,4,20.216629
12.552411,4,20.219547
61.329325,4,20.222496
82.248422,4,20.225474
70.027327,4,20.228469
-1.6252,4,20.231287
61.329325,4,20.234222
33.074383,4,20.237184
-1.870868,4,20.240179
41.563152,4,20.24313
38.051792,4,20.246018
-100.0,100,20.303137
8.823865,4,20.306099
-5.0,5,20.309418
-0.570117,100,20.382044
41.563152,4,20.384988
7.477368,5,20.388576
44.152979,6,20.392751
70.027327,4,20.395691
-1.113604,4,20.398612
-100.0,100,20.455451
19.672151,4,20.458399
62.739505,4,20.461419
27.761775,4,20.464382
33.818057,4,20.478312
-100.0,100,20.526025
-100.0,100,20.57354
33.074383,4,20.575978
-100.0,100,20.623503
12.048295,4,20.627613
-100.0,100,20.684956
14.91347,10,20.691218
41.563152,4,20.694222
8.594685,4,20.69717
-7.0,100,20.769077
11.836892,8,20.774325
7.835281,4,20.777328
44.152979,6,20.781426
13.759805,4,20.784348
21.560923,4,20.787278
-9.0,9,20.792892
14.890878,4,20.795801
-4.0,4,20.798574
-100.0,100,20.85644
52.060762,4,20.859391
-100.0,100,20.916686
4.012649,4,20.9196
8.610044,4,20.922463
19.218309,4,21.739488
8.090565,4,21.742951
34.693305,4,21.746092
19.672151,4,21.749086
-100.0,100,21.806684
36.698599,4,21.80965
-1.85628,4,21.812694
72.544634,4,21.815779
-0.59109,4,21.818896
19.566863,4,21.821887
19.218309,4,21.82487
-100.0,100,21.882491
-1.113604,4,21.885583
-4.0,4,21.888378
9.489341,5,21.891784
19.218309,4,21.894755
18.127729,4,21.897716
36.798781,4,21.900764
-1.696917,4,21.903597
94.103745,4,21.906558
2.827241,4,21.909511
-1.327098,5,21.913009
-0.327098,4,21.915925
26.761775,5,21.919623
18.25003,4,21.922738
64.278157,4,21.925705
48.910746,4,21.928673
58.062133,5,21.93223
34.282494,4,21.935157
52.060762,4,21.938094
0.779014,4,21.941128
42.604122,4,21.944069
8.357727,4,21.947017
-100.0,100,22.004417
65.032742,4,22.007398
60.337696,4,22.010365
21.560923,4,22.013345
11.46622,4,22.016272
-1.581477,4,22.019239
-100.0,100,22.077266
20.031411,4,22.08028
1.827718,4,22.08324
-100.0,100,22.140764
41.563152,4,22.143673
33.074383,4,22.146646
22.816347,4,22.149514
64.285738,10,22.155917
-0.570117,100,22.22866
22.816347,4,22.231565
41.563152,4,22.234549
17.80766,4,22.237513
-0.327098,4,22.240575
-2.484928,4,22.243479
77.428611,4,22.24645
-100.0,100,22.304178
30.062855,4,22.307087
18.774859,4,22.310059
21.384726,4,22.312973
61.329325,4,22.315924
-4.0,4,22.318744
-3.161991,4,22.321778
-100.0,100,22.378883
10.452053,4,22.381808
49.168846,4,22.384796
29.874638,4,22.387676
0.779014,4,22.390877
-100.0,100,22.447962
-4.10017,7,22.452526
12.478109,4,22.455364
-0.327098,4,22.458354
19.672151,4,22.466915
-2.326075,4,22.469994
35.346234,4,22.473022
27.112044,5,22.476544
-1.473105,4,22.479393
-100.0,100,22.537138
8.594685,4,22.54009
-100.0,100,22.599132
4.553906,4,22.602203
19.566863,4,22.605234
4.012649,4,22.608183
-100.0,100,22.665531
-4.0,4,22.668372
-2.306878,4,22.671278
3.879725,4,22.674206
11.231584,4,22.677202
19.0393,4,22.680192
5.479232,4,22.683116
-82.548959,100,22.740653
12.758209,4,22.743766
5.208328,4,22.746651
9.489341,5,22.750081
-100.0,100,22.807527
-100.0,100,22.864916
-25.517046,40,22.888098
55.739345,4,22.891208
2.827241,4,22.89416
-2.0,100,22.966162
4.553906,4,22.969242
8.823865,4,22.972191
-3.754164,5,22.97574
-100.0,100,23.848437
11.231584,4,23.851556
17.327976,4,23.854471
-100.0,100,23.912049
34.693305,4,23.915272
49.186831,4,23.918545
-82.0,82,23.96611
49.168846,4,23.969146
-1.113604,4,23.972056
8.594685,4,23.975021
13.759805,4,23.977923
-1.581477,4,23.981069
51.342738,4,23.984228
49.620804,4,23.987247
-1.85628,4,23.990261
-1.617224,4,23.993146
-0.327098,4,23.996054
-2.617224,5,23.99956
-3.161991,4,24.002461
54.220701,4,24.005445
49.168846,4,24.008404
42.918314,4,24.011347
-100.0,100,24.069434
24.83072,4,24.072382
-8.0,8,24.077427
22.502054,4,24.080408
49.32991,4,24.083439
-2.827814,5,24.086853
7.152021,4,24.089689
53.063218,4,24.092638
32.117822,4,24.095544
56.242014,4,24.098651
3.72168,5,24.102292
-4.0,4,24.105109
34.282494,4,24.108065
-2.754164,4,24.111082
13.759805,4,24.11405
-1.39783,4,24.117028
8.823865,4,24.119912
60.83097,4,24.122816
21.067058,37,24.144513
12.552411,4,24.147464
64.278157,4,24.150431
3.879725,4,24.154918
28.291057,4,24.157759
-100.0,100,24.215388
44.322471,4,24.218338
-11.0,11,24.225111
26.637251,4,24.228053
10.038982,4,24.231056
18.127729,4,24.234002
13.759805,4,24.23696
-100.0,100,24.294263
8.090565,4,24.297244
-100.0,100,24.357252
51.342738,4,24.36025
-2.177134,4,24.363197
41.563152,4,24.366151
11.038466,4,24.369112
24.229066,4,24.372061
32.117822,4,24.374987
55.41255,4,24.377951
8.823865,4,24.380876
34.693305,4,24.383806
17.602034,4,24.386877
42.731811,5,24.390526
-1.85628,4,24.393523
26.637251,4,24.396504
11.459177,4,24.399476
-2.85628,5,24.403126
7.947052,4,24.406065
29.35086,4,24.409115
1.038427,4,24.411957
37.701523,4,24.414924
13.759805,4,24.417881
52.060762,4,24.420823
0.0,100,24.493546
41.563152,4,24.496479
18.903945,5,24.499994
41.563152,4,24.502989
-100.0,100,24.560331
13.759805,4,24.563255
34.735063,4,24.566209
34.693305,4,24.56918
58.898365,4,24.572203
49.168846,4,24.575206
-100.0,100,24.632363
21.566308,4,24.635381
61.329325,4,24.638354
13.926257,4,24.641294
31.440353,4,24.644266
7.956198,4,24.647086
20.738777,4,24.649998
1.038427,4,24.65292
-100.0,100,24.709885
19.672151,4,24.71285
-2.852466,4,24.715854
28.628953,4,24.718854
3.853718,4,24.721733
-1.85628,4,24.724749
18.181244,4,24.727672
8.696014,4,24.730629
41.563152,4,24.733555
50.23643,4,24.736552
-1.617224,4,24.739408
15.061722,4,24.742275
8.594685,4,24.745188
-1.696917,4,24.747998
33.818057,4,24.750948
1.539185,4,24.753834
31.914282,4,24.756767
-7.0,7,24.761259
5.479232,4,24.764227
45.611146,4,24.767136
41.563152,4,24.77002
-100.0,100,24.827003
-82.548959,100,24.884094
-100.0,100,24.941504
16.553711,4,24.94452
14.112359,4,24.947464
11.552411,5,24.950999
8.477368,4,24.959974
62.875619,16,24.969828
3.879725,4,24.972797
-1.85628,4,24.975813
-2.755351,4,24.978839
21.566308,4,24.981799
-100.0,100,25.039411
64.278741,4,25.042412
12.297343,4,25.045375
4.72168,4,25.048445
13.759805,4,25.051337
-8.0,8,25.056423
25.619243,4,25.059474
-1.113604,4,25.062431
-0.570117,100,25.943901
12.758209,4,25.947012
41.563152,4,25.949964
35.979632,4,25.95293
60.288817,4,25.955874
-0.570117,100,26.02943
1.464512,4,26.032365
-2.326075,4,26.035378
-6.0,6,26.039323
-100.0,100,26.09775
15.747247,4,26.100769
-100.0,100,26.157794
27.761775,4,26.160771
-1.113604,4,26.163668
9.489341,5,26.167237
-2.581477,5,26.170769
-2.852466,4,26.173807
94.311237,4,26.176825
29.35086,4,26.179859
3.145703,4,26.203947
-1.113604,4,26.206307
0.0,100,26.268425
26.637251,4,26.270781
3.879725,4,26.273089
-52.506576,55,26.313969
3.879725,4,26.316951
27.05849,4,26.319929
-2.784174,4,26.323099
-0.327098,4,26.32608
17.19938,5,26.329717
-6.0,6,26.333666
19.566863,4,26.336661
63.109149,4,26.339636
43.731811,4,26.34263
-0.327098,4,26.345596
8.610044,4,26.348523
-1.03329,6,26.352624
-100.0,100,26.410171
-1.113604,4,26.413137
33.074383,4,26.416077
8.090565,4,26.419028
28.35086,5,26.422635
-0.570117,100,26.495245
31.457888,4,26.498228
7.956198,4,26.501073
-31.827814,34,26.520932
16.553711,4,26.523895
64.278157,4,26.526856
-4.0,4,26.529663
49.168846,4,26.532636
29.35086,4,26.535678
-0.327098,4,26.538647
4.72168,4,26.541692
0.779014,4,26.544703
10.452053,4,26.547641
8.594685,4,26.550598
-2.541976,4,26.553461
13.890878,5,26.556993
-5.0,5,26.56038
33.818057,4,26.56338
-100.0,100,26.620733
15.836892,4,26.623665
12.393625,5,26.627137
-2.327098,6,26.631245
3.879725,4,26.634139
-1.113604,4,26.637071
3.269793,4,26.640019
23.099205,5,26.643563
93.103745,5,26.647141
8.090565,4,26.650081
-7.049737,11,26.657149
3.879725,4,26.660035
50.129179,4,26.662947
8.823865,4,26.665843
16.358441,4,26.668876
55.87396,4,26.67183
-100.0,100,26.728861
7.947052,4,26.731838
15.836892,4,26.734776
-2.535426,4,26.739722
61.329325,4,26.742712
49.168846,4,26.745672
36.798781,4,26.748717
-0.570117,100,26.821104
-100.0,100,26.878316
28.410655,5,26.881861
66.662883,4,26.884896
23.786086,4,26.88791
25.156934,4,26.891035
30.062855,4,26.893944
-100.0,100,26.951466
30.8578,4,26.954481
-1.230327,5,26.958121
-1.113604,4,26.961049
7.835281,4,26.963995
26.637251,4,26.966941
44.322471,4,26.969901
49.168846,4,26.972875
-1.85628,4,26.975914
-100.0,100,27.033123
52.060762,4,27.036073
-100.0,100,27.094164
40.417266,4,27.097123
18.25003,4,27.100177
27.761775,4,27.103132
59.823301,5,27.106644
62.176989,4,27.109579
8.594685,4,27.112634
-1.113604,4,27.115546
5.479232,4,27.118569
70.87676,4,27.121527
60.531592,4,27.124496
7.090565,5,27.128011
8.069472,7,27.132659
33.074383,4,27.135646
49.168846,4,27.138612
-3.213451,4,27.141564
9.759954,4,27.144543
-4.0,4,27.147304
-100.0,100,27.204544
49.186831,4,27.207523
-0.327098,4,27.210452
33.074383,4,27.21344
-97.049737,100,27.270497
52.060762,4,27.27351
-7.0,7,27.277993
-3.326075,5,27.281591
-1.514319,4,27.284462
-0.59109,4,27.287444
29.825045,4,27.290357
-3.29696,5,27.293968
12.552411,4,27.296913
31.157256,4,27.299791
-100.0,100,28.168931
11.459177,4,28.172302
-100.0,100,28.229555
3.717443,4,28.232499
34.494609,4,28.235403
-100.0,100,28.29259
14.836892,5,28.296183
-100.0,100,28.353518
-100.0,100,28.410722
-3.581477,6,28.414813
-100.0,100,28.472027
8.090565,4,28.475038
29.548721,4,28.478004
-0.570117,100,28.550625
26.637251,4,28.553567
0.0,100,28.626359
-100.0,100,28.683893
27.761775,4,28.689834
13.150055,4,28.692772
13.759805,4,28.695692
-100.0,100,28.75285
-0.59109,4,28.755857
3.145703,4,28.758784
17.794516,5,28.762344
59.269658,4,28.765328
44.555048,4,28.768345
0.038427,5,28.771765
3.879725,4,28.77468
52.060762,4,28.777617
52.060762,4,28.780579
-3.310565,4,28.783566
32.441971,4,28.78647
41.825206,4,28.789419
-3.827814,6,28.793413
1.102317,4,28.79631
65.032742,4,28.7993
-3.581477,6,28.803358
3.145703,4,28.806271
53.332043,4,28.809251
12.297343,4,28.812196
15.836892,4,28.815187
-2.326075,4,28.818201
-2.812779,4,28.821011
54.220701,4,28.82394
0.96671,4,28.82684
41.825206,4,28.82982
13.759805,4,28.832741
8.594685,4,28.835649
58.67408,4,28.838625
49.186831,4,28.841574
31.440353,4,28.844589
-100.0,100,28.902111
-1.113604,4,28.905211
4.553906,4,28.908314
26.689195,4,28.911264
23.780447,4,28.914204
51.155252,4,28.91717
15.836892,4,28.920094
26.637251,4,28.92303
8.090565,4,28.925982
-100.0,100,28.984564
-5.0,5,28.987961
8.823865,4,28.990919
9.489341,5,28.994323
16.624692,4,28.997237
-1.244338,5,29.000723
3.879725,4,29.003617
40.417266,4,29.006677
-100.0,100,29.063972
-3.754164,5,29.067574
25.156934,4,29.070595
7.78477,4,29.073541
27.05849,4,29.076499
8.594685,4,29.079759
19.566863,4,29.08292
33.074383,4,29.085916
13.63576,4,29.088801
-3.542797,4,29.091666
1.102317,4,29.094557
29.410655,4,29.097466
74.928718,4,29.100476
33.074383,4,29.103583
7.956198,4,29.106415
28.35086,4,29.109324
-98.609835,100,29.166454
-1.514319,4,29.169346
51.342738,4,29.172346
29.825045,4,29.175288
-100.0,100,29.23309
8.594685,4,29.236008
12.758209,4,29.238957
-1.6252,4,29.241787
-100.0,100,29.301903
-100.0,100,29.35902
19.566863,4,29.36199
-0.327098,4,29.365123
64.278157,4,29.368087
18.0393,5,29.371647
3.145703,4,29.374576
-4.0,4,29.377347
5.208328,4,29.380182
8.594685,4,29.383121
-2.754164,4,29.386187
12.552411,4,29.389146
-1.049737,5,29.392743
-100.0,100,30.286789
29.825045,4,30.289824
-0.570117,100,30.363515
19.35329,5,30.367046
-8.0,8,30.372228
54.067058,4,30.375146
57.613573,4,30.378106
33.074383,4,30.381087
-2.326075,4,30.384118
-100.0,100,30.441476
-12.827814,15,30.450553
60.148878,4,30.453521
58.369047,5,30.457117
49.099621,5,30.460665
49.168846,4,30.463611
0.779014,4,30.466625
13.759805,4,30.469634
-4.0,4,30.47244
4.993589,5,30.47602
44.322471,4,30.478979
0.0,100,30.553486
-18.0,18,30.566715
12.552411,4,30.569693
-100.0,100,30.627801
29.35086,4,30.630911
41.825206,4,30.633907
-0.327098,4,30.63686
59.269658,4,30.639877
5.479232,4,30.642853
34.693305,4,30.645832
0.779014,4,30.64886
16.63737,4,30.651831
48.184024,4,30.654811
-3.310565,4,30.657807
-100.0,100,30.715341
20.838534,4,30.718332
-0.244338,4,30.721202
8.594685,4,30.724235
65.553932,4,30.72719
8.823865,4,30.730104
29.548721,4,30.733087
49.980029,4,30.736003
4.553906,4,30.739052
-2.754164,4,30.742025
15.836892,4,30.744963
7.090565,5,30.748497
-0.59109,4,30.751486
16.553711,4,30.75443
19.384401,4,30.757411
28.628953,4,30.76039
5.479232,4,30.763324
-100.0,100,30.82078
4.553906,4,30.823862
5.965135,5,30.827378
11.881539,4,30.830275
40.417266,4,30.833402
-3.03329,8,30.83861
11.503727,4,30.841552
-3.310565,4,30.844504
-100.0,100,30.902044
-5.0,5,30.90539
-100.0,100,30.962329
21.096864,4,30.965403
5.208328,4,30.968244
17.602034,4,30.971193
19.753803,4,30.974224
21.096864,4,30.977225
27.761775,4,30.980229
34.737218,4,30.983179
13.890878,5,30.986752
52.060762,4,30.989719
41.563152,4,30.992662
34.761277,5,30.996274
33.074383,4,30.999234
37.087157,4,31.00215
-100.0,100,31.059601
-85.950885,100,31.124347
15.836892,4,31.126779
-100.0,100,31.174342
12.758209,4,31.176859
-86.615333,100,31.22488
-6.0,6,31.230173
70.445834,4,31.233221
34.282494,4,31.236195
0.779014,4,31.239187
-100.0,100,31.296763
12.758209,4,31.299736
-37.827814,40,31.323333
35.13631,4,31.326313
-100.0,100,31.384633
41.825206,4,31.387628
-100.0,100,31.445229
49.186831,4,31.448238
1.539185,4,31.451144
3.149981,4,31.453976
-2.812779,4,31.45684
-3.310565,4,31.459964
4.553906,4,31.463416
20.031411,4,31.466402
-8.0,8,31.471503
18.188446,4,31.474476
65.032742,4,31.477472
13.890878,5,31.480993
13.759805,4,31.484005
14.890878,4,31.486984
2.827241,4,31.490004
8.357727,4,31.493048
33.074383,4,31.496023
51.384885,4,31.49914
-100.0,100,31.556961
68.892971,4,31.559995
82.248422,4,31.563013
7.049115,7,31.567614
49.124577,4,31.570616
-0.570117,100,31.643546
45.611146,4,31.646627
8.090565,4,31.649609
74.928718,4,31.652615
6.622488,5,31.656157
40.209685,4,31.65912
27.761775,4,31.662142
48.910746,4,31.665146
18.25003,4,31.668238
-100.0,100,32.907602
26.637251,4,32.910836
3.879725,5,32.914534
-100.0,100,32.972486
-11.0,11,32.979303
74.875619,4,32.982297
19.218309,4,32.985356
-4.0,4,32.988221
14.112359,4,32.991246
26.689195,4,32.994231
8.823865,4,32.997214
3.879725,4,33.000172
54.220701,4,33.003177
-100.0,100,33.061349
-3.310565,4,33.064357
18.0393,5,33.067925
-100.0,100,33.126285
7.962378,4,33.129397
-1.85628,4,33.132438
2.853718,5,33.135986
27.628953,5,33.139565
-100.0,100,33.197101
-100.0,100,33.25518
34.282494,4,33.258189
-100.0,100,33.316402
-100.0,100,33.374341
26.637251,4,33.377351
3.879725,5,33.381013
17.602034,4,33.388821
8.823865,4,33.391916
-30.609835,33,33.412006
-100.0,100,33.469578
-3.310565,4,33.472609
0.503727,15,33.481747
-3.754164,5,33.485306
60.531592,4,33.488362
74.875619,4,33.491319
19.672151,4,33.494287
-100.0,100,33.551845
3.72168,5,33.555513
37.148253,4,33.558568
-14.827814,17,33.56881
0.779014,4,33.571804
19.566863,4,33.57492
13.759805,4,33.577876
29.35086,4,33.580969
-3.327098,7,33.58566
-4.0,4,33.588608
18.895463,4,33.591606
42.918314,4,33.59465
41.563152,4,33.597639
-0.59109,4,33.600674
-1.049737,5,33.604275
-1.85628,4,33.607279
41.563152,4,33.610279
-1.39783,4,33.613277
77.746286,4,33.616271
-3.310565,4,33.619222
1.827718,4,33.622194
-100.0,100,33.679877
63.278741,5,33.683476
5.479232,4,33.686442
34.282494,4,33.689456
36.027527,4,33.692462
-2.177134,4,33.695537
77.746286,4,33.698554
-10.049737,14,33.707353
52.947464,5,33.710996
-4.827814,7,33.717123
8.357727,4,33.720106
32.599771,19,33.731699
4.72168,4,33.734849
-10.827814,13,33.742903
47.962351,4,33.745914
15.836892,4,33.748884
-0.570117,100,33.822108
19.725403,4,33.825194
-100.0,100,33.883031
29.35086,4,33.886263
-6.0,6,33.89039
36.798781,4,33.893424
0.0,100,33.966244
28.628953,4,33.969254
-1.581477,4,33.972177
0.0,100,34.045396
49.124577,4,34.048407
45.611146,4,34.05134
-0.327098,4,34.054304
-1.85628,4,34.05734
40.417266,4,34.067349
47.547863,4,34.070343
19.0393,4,34.073329
3.145703,4,34.076296
-100.0,100,34.134308
48.910746,4,34.137295
49.32991,4,34.140278
48.184024,4,34.143224
74.875619,4,34.146214
13.423094,5,34.14976
-8.0,8,34.154809
3.879725,4,34.157716
49.186831,4,34.16073
52.060762,4,34.1641
12.890878,6,34.168183
-0.570117,100,35.06344
-80.111547,100,35.12092
-2.177134,4,35.123887
-2.85628,4,35.126799
11.189149,4,35.129695
-100.0,100,35.186651
14.423094,4,35.189638
-80.111547,100,35.247158
17.327976,4,35.250137
16.425635,4,35.253123
-1.113604,4,35.256047
37.798975,4,35.258973
40.417266,4,35.261905
3.413561,5,35.265328
13.890878,5,35.268847
-5.0,5,35.272207
3.145703,4,35.275155
0.0,100,35.350472
47.547863,4,35.353474
0.94626,4,35.356408
-100.0,100,35.413218
-0.59109,4,35.416246
-0.570117,100,35.488426
35.761277,4,35.491376
-8.517046,23,35.505033
14.112359,4,35.507994
3.269793,4,35.510965
48.910746,4,35.51392
47.547863,4,35.516883
3.853718,4,35.523241
13.836892,6,35.52752
3.482954,11,35.534358
18.127729,4,35.53738
41.825206,4,35.54033
5.965135,5,35.543736
19.566863,4,35.546704
-100.0,100,35.6044
-100.0,100,35.662693
34.153664,4,35.665747
19.384401,4,35.668728
7.622488,4,35.6718
33.074383,4,35.674843
74.875619,4,35.677885
-12.0,12,35.685419
25.757402,8,35.69077
16.63737,4,35.693793
61.821955,4,35.696832
14.890878,4,35.699794
-3.310565,4,35.702806
35.13631,4,35.705839
4.72168,4,35.708964
54.855791,4,35.711984
0.779014,4,35.715037
29.832151,4,35.718064
18.296866,4,35.72113
34.693305,4,35.724178
61.821955,4,35.727196
14.805499,100,35.785913
33.074383,4,35.788979
33.074383,4,35.791997
-5.617224,8,35.797284
-1.03329,6,35.801425
11.109192,4,35.804432
-1.579389,4,35.807442
74.652935,4,35.810459
-0.48893,4,35.813436
3.269793,4,35.816458
15.639713,4,35.819345
41.563152,4,35.822304
59.369047,4,35.825366
45.931618,4,35.828371
12.758209,4,35.831352
-100.0,100,35.889999
34.270321,4,35.893011
8.823865,4,35.896
-100.0,100,35.954363
9.789996,4,35.957639
8.823865,4,35.96069
18.25003,4,35.963877
52.060762,4,35.966907
19.672151,4,35.969895
56.568812,4,35.972865
4.367321,4,35.975822
33.074383,4,35.978853
12.297343,4,35.981858
9.618072,5,35.985416
0.779014,4,35.988501
24.036691,4,35.991517
-4.0,4,35.994287
41.825206,4,35.997299
47.547863,4,36.000337
14.423094,4,36.00335
0.94626,4,36.006319
50.342738,5,36.009922
4.553906,4,36.013031
1.539185,4,36.01601
-100.0,100,36.077818
6.594685,6,36.082032
-100.0,100,36.140908
12.552411,4,36.14401
37.701523,4,36.147077
28.825045,5,36.150702
-100.0,100,36.209366
34.693305,4,36.212487
60.380368,4,36.215543
12.759805,5,36.219185
61.821955,4,36.222238
3.269793,4,36.225313
-6.0,6,36.22937
24.951723,4,36.232436
35.216078,4,36.23541
62.176989,4,36.238472
66.662883,4,36.241562
9.759954,4,36.244565
11.890878,7,36.24931
34.761277,5,36.252982
45.611146,4,36.255964
-2.541976,4,36.258853
-4.0,4,36.261717
51.014935,4,36.264727
5.479232,4,36.267835
0.0,100,37.220997
70.445834,4,37.224019
8.090565,4,37.227001
45.611146,4,37.22994
-100.0,100,37.287475
17.903945,6,37.291594
-1.581477,4,37.312083
18.25003,4,37.314608
42.918314,4,37.317024
26.637251,4,37.31939
-2.326075,4,37.321852
-3.161991,4,37.333352
-3.310565,4,37.336379
13.423094,5,37.339937
9.759954,4,37.342888
-3.310565,4,37.345868
4.553906,4,37.349163
16.63737,4,37.352779
31.340599,4,37.355788
15.747247,4,37.358801
-2.754164,4,37.361826
19.218309,4,37.364846
40.359074,4,37.367801
3.413227,4,37.370811
-100.0,100,37.428365
77.403283,4,37.431364
43.731811,4,37.434364
15.747247,4,37.437369
52.060762,4,37.44034
17.817915,4,37.443194
18.943442,4,37.446158
-100.0,100,37.503749
29.825045,4,37.50671
31.340599,4,37.509681
58.078502,4,37.512671
-25.554166,100,37.570512
55.25585,4,37.573542
18.35329,6,37.577611
8.594685,4,37.580557
0.779014,4,37.583549
44.322471,4,37.586543
1.827718,4,37.589497
-0.229097,5,37.593006
49.168846,4,37.596036
-3.473105,6,37.600172
33.074383,4,37.603196
49.32991,4,37.606206
14.890878,4,37.609141
52.372978,4,37.612204
33.074383,4,37.615145
-1.85628,4,37.618148
8.090565,4,37.621118
-100.0,100,37.678481
41.825206,4,37.68149
-100.0,100,37.738777
52.060762,4,37.741786
12.890878,6,37.745908
40.209685,4,37.748939
18.895463,4,37.75194
13.759805,4,37.754893
24.099205,4,37.757851
-100.0,100,37.814931
-100.0,100,37.87217
26.689195,4,37.87525
8.823865,4,37.878208
-1.113604,4,37.881172
5.479232,4,37.884165
55.540106,4,37.887135
18.794516,4,37.890105
40.417266,4,37.893078
45.611146,4,37.896027
-1.244338,5,37.90432
-1.85628,4,37.907355
49.32991,4,37.910332
50.099621,4,37.913333
-2.754164,4,37.916321
48.910746,4,37.919276
-5.0,5,37.922659
8.594685,4,37.925594
19.384401,4,37.928527
-2.177134,4,37.931486
3.879725,5,37.935121
62.674698,4,37.938083
1.038427,4,37.940983
52.060762,4,37.943929
16.425635,4,37.946918
3.269793,4,37.949884
-2.754164,4,37.952876
40.417266,4,37.955815
10.068068,4,37.958912
-2.484928,4,37.961851
34.693305,4,37.964857
-100.0,100,38.021921
49.186831,4,38.024911
71.642825,4,38.02787
64.278157,4,38.030854
8.594685,4,38.033821
13.759805,4,38.036756
-3.542797,4,38.039653
3.879725,5,38.043292
-0.570117,100,38.116238
13.759805,4,38.119191
41.563152,4,38.122131
8.594685,4,38.125092
28.550503,4,38.128077
-100.0,100,38.186989
-1.581477,4,38.18995
-1.230327,4,38.192892
55.56159,4,38.195794
3.269793,4,38.198766
8.823865,4,38.201724
49.186831,4,38.20471
59.369047,4,38.207653
-4.0,4,38.210429
10.452053,4,38.21335
14.890878,4,38.216257
41.825206,4,38.21917
60.83097,4,38.222061
8.823865,4,38.224989
4.553906,4,38.228019
31.340599,4,38.230987
-0.327098,4,38.233916
12.297343,4,38.23687
60.83097,4,38.239759
50.342738,5,38.243287
-100.0,100,38.300155
-0.59109,4,38.303206
-100.0,100,38.360388
0.0,100,38.433455
5.965135,5,38.436929
-1.581477,4,38.439847
49.568812,11,38.446895
19.672151,4,38.44984
-4.0,4,38.45265
5.479232,4,38.455618
-1.514319,4,38.4585
58.67408,4,38.461498
74.875619,4,38.464485
49.124577,4,38.467442
70.027327,4,38.470397
-1.244338,5,38.473812
14.890878,4,38.476725
18.19938,4,38.479661
-100.0,100,39.384095
-82.548959,100,39.441885
26.637251,4,39.444951
-19.581477,22,39.458136
3.853718,4,39.461089
46.634302,4,39.464059
49.924883,4,39.467037
3.269793,4,39.470007
12.758209,4,39.472978
8.610044,4,39.475848
41.825206,4,39.478814
12.552411,4,39.481768
35.50545,4,39.484767
-100.0,100,39.542301
15.836892,4,39.545299
-100.0,100,39.602639
19.885175,4,39.605658
26.637251,4,39.608662
-4.827814,7,39.613242
0.779014,4,39.616277
2.827241,4,39.619254
12.890878,6,39.623348
1.827718,4,39.626318
3.269793,4,39.629345
58.078502,4,39.632389
-1.39783,4,39.635417
27.761775,4,39.638441
3.879725,5,39.642139
-1.827814,4,39.645065
-0.570117,100,39.717877
-91.586439,100,39.775464
11.069472,4,39.778348
51.464909,4,39.781349
8.594685,4,39.784333
-1.760949,4,39.787283
8.594685,4,39.790199
20.175657,4,39.793119
48.184024,4,39.796082
-1.617224,4,39.798959
11.038466,4,39.80187
1.539185,4,39.804804
29.825045,4,39.807703
73.469666,5,39.811256
50.168775,4,39.814209
19.753803,4,39.817171
-3.581477,6,39.821234
-100.0,100,39.878086
50.23643,4,39.88107
43.322471,5,39.884591
3.879725,5,39.888227
19.35329,5,39.891678
55.540106,4,39.894656
9.489341,5,39.898075
50.342738,5,39.901613
-3.310565,4,39.904554
-2.094955,6,39.908522
59.805499,55,39.940357
4.367321,4,39.943253
8.594685,4,39.946171
-100.0,100,40.007761
3.269793,4,40.010782
-100.0,100,40.068048
50.099621,4,40.071039
22.776795,4,40.073991
1.539185,4,40.076927
0.0,100,40.151874
4.479232,5,40.155497
55.514565,5,40.15913
44.322471,4,40.162098
13.423094,5,40.165692
7.622488,4,40.168707
-1.961573,7,40.173334
-82.548959,100,40.230286
-100.0,100,40.287613
-100.0,100,40.344835
17.25003,5,40.348506
14.890878,4,40.351402
10.503727,5,40.354873
44.322471,4,40.357807
44.613512,4,40.360791
3.145703,4,40.363688
-1.85628,4,40.366694
22.776795,4,40.369645
27.05849,4,40.372621
-4.0,4,40.375383
16.624692,4,40.378278
41.563152,4,40.381213
24.293445,4,40.384191
3.269793,4,40.387136
-5.0,5,40.390461
6.965135,4,40.39341
-1.85628,4,40.39659
3.879725,5,40.400242
-1.85628,4,40.403252
39.802485,4,40.406223
-0.59109,4,40.409257
8.823865,4,40.41219
-0.049737,4,40.415179
-0.59109,4,40.418184
33.074383,4,40.421154
-100.0,100,40.478011
-100.0,100,40.534717
8.753519,4,40.537693
3.853718,4,40.54061
-100.0,100,40.601564
23.099205,5,40.605432
27.628953,5,40.609006
26.689195,4,40.611976
-1.113604,4,40.614964
24.83072,4,40.617904
54.855791,4,40.620903
-100.0,100,41.539038
-1.514319,4,41.542002
-3.310565,4,41.545015
64.278157,4,41.547996
29.832151,4,41.550977
-1.382645,5,41.554513
62.176989,4,41.55749
29.548721,4,41.560498
3.879725,5,41.564401
17.152459,5,41.567952
10.452053,4,41.570892
7.622488,4,41.573859
3.145703,4,41.576812
49.32991,4,41.579838
37.752822,4,41.582995
18.903945,5,41.586572
32.117822,4,41.589491
-0.009594,4,41.5924
-100.0,100,41.65015
35.761277,4,41.653194
12.297343,4,41.656181
21.566308,4,41.659161
-100.0,100,41.718153
12.63202,4,41.721156
34.153664,4,41.724162
-1.827814,4,41.727004
-100.0,100,41.784406
19.0393,4,41.787411
10.452053,4,41.790344
41.825206,4,41.79336
18.25003,4,41.796466
29.825045,4,41.799367
-8.0,8,41.804468
15.836892,4,41.807396
11.109192,4,41.810346
50.099621,4,41.813329
40.417266,4,41.816271
0.0,100,41.889014
41.563152,4,41.891919
-3.85628,6,41.896194
44.322471,4,41.899186
5.479232,4,41.902134
-19.049737,22,41.915287
-98.336735,100,41.972943
-100.0,100,42.032309
34.13631,5,42.036196
1.038427,4,42.039087
8.357727,4,42.042112
-1.113604,4,42.045056
-3.755351,5,42.052561
-4.0,4,42.055393
-2.754164,4,42.058382
-98.594847,100,42.115931
50.099621,4,42.118944
38.770809,4,42.121924
40.004039,4,42.124856
-100.0,100,42.182817
19.566863,4,42.18828
77.746286,4,42.190683
74.875619,4,42.193102
-100.0,100,42.241
-97.581477,100,42.289174
-2.535426,4,42.293468
50.507664,4,42.296543
12.63202,4,42.299504
0.779014,4,42.302504
33.074383,4,42.305478
56.514565,4,42.308493
3.879725,5,42.312155
-2.85628,5,42.315728
33.074383,4,42.318703
18.296866,4,42.321669
-100.0,100,42.380103
10.503727,5,42.383787
-1.85628,4,42.386931
3.879725,5,42.390661
-3.812779,5,42.394097
10.068068,4,42.397189
31.340599,4,42.400285
41.813025,4,42.403278
30.143275,4,42.406375
-2.473105,5,42.409883
12.552411,4,42.412968
31.157256,4,42.415998
3.413227,4,42.419034
3.879725,5,42.42274
8.823865,4,42.425714
39.004039,5,42.4294
24.099205,4,42.432445
19.218309,4,42.435453
-1.85628,4,42.438543
29.832151,4,42.441548
7.594685,5,42.445263
1.176504,4,42.448184
8.610044,4,42.451116
10.038982,4,42.454184
-100.0,100,42.513835
-37.0,37,42.536361
49.32991,4,42.539408
-100.0,100,42.597255
-2.754164,4,42.600395
13.147363,4,42.603395
17.25003,5,42.607157
16.874173,4,42.610143
34.438879,4,42.613196
22.776795,4,42.616343
-3.094461,4,42.619262
34.282494,4,42.624032
7.090565,5,42.627702
52.060762,4,42.63088
40.359074,4,42.633909
3.145703,4,42.63697
60.531592,4,42.640018
8.594685,4,42.643046
-82.548959,100,42.702733
19.725403,4,42.705795
11.503727,4,42.708759
-100.0,100,42.767561
0.779014,4,42.77073
41.825206,4,42.773753
11.069472,4,42.776733
34.282494,4,42.779718
33.074383,4,42.782738
45.611146,4,42.785793
33.074383,4,42.788818
33.074383,4,42.791838
53.332043,4,42.794867
13.147363,4,42.797841
-100.0,100,42.856097
19.0393,4,42.859073
61.821955,4,42.862039
-2.594847,4,42.865138
1.539185,4,42.868048
10.068068,4,42.871178
77.403283,4,42.87416
45.611146,4,42.877143
-2.241898,4,42.880013
16.553711,4,42.883005
-2.812779,4,42.885955
93.103745,5,42.889534
