Wall time,Step,Value
1739935872.6266496,51200,1504.0
1739935896.9435515,79872,1250.0
1739935953.2403388,139264,1124.0
1739935977.6248922,169984,1154.0
1739935979.3150702,172032,1154.0
1739935992.6810167,188416,1162.0
1739936001.6441913,200704,1176.0
1739936010.0990043,210944,1178.0
1739936021.2584083,225280,1185.0
1739936043.6364374,253952,1197.0
1739936050.8803995,262144,1195.0
1739936084.530885,305152,1207.0
1739936087.6682963,309248,1209.0
1739936132.3711147,364544,1213.0
1739936136.7973168,370688,1216.0
1739936140.7223516,374784,1214.0
1739936143.8048549,378880,1215.0
1739936156.1979952,395264,1220.0
1739936186.2632802,434176,1227.0
1739936204.1872048,458752,1234.0
1739936207.3169763,462848,1235.0
1739936244.7553756,512000,1243.0
1739936269.1023977,542720,1244.0
1739936270.521857,544768,1244.0
1739936292.6830337,573440,1247.0
1739936310.633211,598016,1252.0
1739936315.116563,604160,1253.0
1739936327.2567668,620544,1256.0
1739936331.9508805,626688,1256.0
1739936346.6047194,647168,1260.0
1739936378.0250902,690176,1267.0
1739936382.7872946,696320,1267.0
1739936387.1778386,702464,1268.0
1739936422.8744807,751616,1275.0
1739936441.4004633,776192,1277.0
1739936450.0635703,788480,1279.0
1739936452.970752,792576,1280.0
1739936471.1889715,817152,1282.0
1739936482.7487981,833536,1284.0
1739936489.502761,841728,1283.0
1739936507.0920026,866304,1287.0
1739936526.6154413,892928,1289.0
1739936558.3371243,935936,1292.0
1739936559.8959637,937984,1292.0
1739936562.996202,942080,1292.0
1739936573.2489066,956416,1294.0
1739936597.2695942,987136,1293.0
1739936603.2267375,995328,1294.0
1739936618.1040246,1015808,1295.0
1739936625.7705028,1026048,1296.0
1739936627.1881647,1028096,1296.0
1739936636.3637557,1040384,1297.0
1739936687.6452465,1087488,1286.0
1739936690.4481235,1091584,1299.0
1739936691.98316,1093632,1300.0
1739936697.9954038,1101824,1308.0
1739936723.2683666,1134592,1304.0
1739936731.1035779,1144832,1304.0
1739936734.1135113,1148928,1306.0
1739936753.1154966,1173504,1304.0
1739936759.6703417,1181696,1300.0
1739936768.8306286,1193984,1304.0
1739936811.7636428,1251328,1312.0
1739936818.0280735,1259520,1312.0
1739936820.9927797,1263616,1313.0
1739936873.1231983,1331200,1309.0
1739936885.8601966,1347584,1308.0
1739936895.8909862,1359872,1304.0
1739936897.4665763,1361920,1304.0
1739936919.4247508,1390592,1304.0
1739936933.751388,1409024,1303.0
1739936946.439445,1425408,1303.0
1739937020.751912,1519616,1296.0
1739937027.766364,1527808,1293.0
1739937057.4906526,1566720,1294.0
1739937088.2188292,1607680,1297.0
1739937104.7600057,1630208,1299.0
1739937106.259916,1632256,1300.0
1739937116.0927072,1644544,1299.0
1739937124.7877088,1656832,1301.0
1739937149.4644501,1689600,1302.0
1739937150.857931,1691648,1303.0
1739937153.7981884,1695744,1303.0
1739937172.3346288,1720320,1304.0
1739937193.0036447,1746944,1303.0
1739937230.7700996,1798144,1307.0
1739937244.1577156,1816576,1308.0
1739937251.6927443,1826816,1309.0
1739937275.097276,1857536,1309.0
1739937298.3851,1888256,1309.0
1739937344.2752016,1947648,1308.0
1739937363.0492225,1972224,1308.0
1739937374.7357025,1986560,1307.0
1739937469.8047926,2088960,1306.0
1739937474.21895,2095104,1316.0
1739937478.0537608,2099200,1294.0
1739937503.5485647,2121728,1140.0
1739937516.243786,2136064,1138.0
1739937523.2178204,2144256,1141.0
1739937526.0142572,2148352,1151.0
1739937540.0228317,2166784,1173.0
1739937574.8857093,2205696,1159.0
1739937602.9893427,2234368,1135.0
1739937604.4748342,2236416,1138.0
1739937618.7906492,2248704,1116.0
1739937636.2345865,2267136,1111.0
1739937661.1979425,2291712,1097.0
1739937667.384083,2299904,1103.0
1739937670.4512131,2304000,1106.0
1739937678.6741657,2314240,1110.0
1739937681.671864,2318336,1114.0
1739937697.802875,2338816,1123.0
1739937704.1510813,2347008,1127.0
1739937715.0451539,2361344,1134.0
1739937738.4354331,2390016,1141.0
1739937745.9947035,2400256,1147.0
1739937747.484479,2402304,1148.0
1739937765.9911983,2426880,1158.0
1739937782.111655,2447360,1163.0
1739937785.278187,2451456,1164.0
1739937798.2832127,2467840,1168.0
1739937812.2570548,2486272,1173.0
1739937813.725105,2488320,1174.0
1739937851.1975768,2537472,1186.0
1739937862.9516191,2551808,1187.0
1739937896.0394082,2594816,1195.0
1739937905.225556,2605056,1194.0
1739937907.4563084,2607104,1192.0
1739937912.1951995,2611200,1189.0
1739937919.9808598,2617344,1183.0
1739937930.3392136,2625536,1174.0
1739937942.3560429,2637824,1171.0
1739937951.3395672,2646016,1166.0
1739937959.1744854,2656256,1168.0
1739937996.783646,2701312,1170.0
1739938040.0679684,2756608,1178.0
1739938071.929842,2797568,1183.0
1739938095.6339824,2828288,1187.0
1739938101.683727,2836480,1189.0
1739938118.870672,2859008,1192.0
1739938120.348195,2861056,1192.0
1739938200.7828434,2945024,1177.0
1739938235.5747364,2988032,1179.0
1739938237.2636695,2990080,1179.0
1739938267.1996279,3026944,1181.0
1739938270.1870356,3028992,1179.0
1739938300.6542606,3061760,1398.0
1739938305.128878,3065856,1264.0
1739938334.077914,3102720,1270.0
1739938346.3151462,3119104,1284.0
1739938358.9990268,3135488,1286.0
1739938364.3611135,3141632,1276.0
1739938368.9001064,3147776,1280.0
1739938388.2898002,3172352,1278.0
1739938420.1591687,3213312,1279.0
1739938425.6100073,3219456,1273.0
1739938448.2895012,3248128,1272.0
1739938452.9448862,3254272,1273.0
1739938460.6245615,3264512,1276.0
1739938479.8778958,3289088,1276.0
1739938497.7968206,3311616,1274.0
1739938505.8760781,3321856,1274.0
1739938509.017192,3325952,1274.0
1739938548.378539,3375104,1270.0
1739938561.0494554,3391488,1271.0
1739938619.5263703,3463168,1263.0
1739938634.345086,3481600,1262.0
1739938643.5744066,3493888,1264.0
1739938671.8988008,3528704,1262.0
1739938675.0144017,3532800,1262.0
1739938679.6592855,3538944,1263.0
1739938685.7875211,3547136,1264.0
1739938697.7523277,3561472,1262.0
1739938741.1697247,3616768,1263.0
1739938789.1600468,3678208,1265.0
1739938792.221448,3682304,1265.0
1739938811.475846,3706880,1265.0
1739938816.1788473,3713024,1266.0
1739938829.0223815,3729408,1266.0
1739938903.1540344,3825664,1270.0
1739938909.1131377,3833856,1271.0
1739938922.845698,3852288,1272.0
1739938934.4202144,3866624,1272.0
1739938967.7011938,3909632,1273.0
1739938985.409573,3932160,1273.0
1739938989.9204137,3938304,1273.0
1739938999.3167906,3950592,1274.0
1739939000.774992,3952640,1274.0
1739939024.724139,3983360,1274.0
1739939043.8283746,4007936,1275.0
1739939049.9388733,4016128,1275.0
1739939057.902542,4026368,1275.0
1739939060.9369795,4030464,1276.0
1739948069.523564,4057088,1433.0
1739948070.907457,4059136,1441.0
1739948078.2808528,4069376,1416.0
1739948093.9692109,4091904,1426.0
1739948096.750796,4096000,1430.0
1739948226.8528357,4282368,1431.0
1739948239.494418,4300800,1433.0
1739948253.8792439,4321280,1433.0
1739948269.482095,4343808,1433.0
1739948289.38217,4372480,1434.0
1739948290.769921,4374528,1434.0
1739948296.6100023,4382720,1433.0
1739948297.9923522,4384768,1434.0
1739948307.8138363,4399104,1435.0
1739948324.9697301,4423680,1435.0
1739948368.2990258,4485120,1432.0
1739948403.476906,4536320,1434.0
1739948425.1796274,4567040,1523.0
1739948433.762406,4579328,1485.0
1739948467.9260273,4628480,1456.0
1739948475.1047924,4638720,1452.0
1739948576.7512066,4786176,1451.0
1739948580.9648616,4792320,1451.0
1739948614.2428632,4839424,1445.0
1739948638.9501839,4874240,1441.0
1739948681.8229005,4935680,1440.0
1739948688.9764059,4945920,1440.0
1739948749.499778,5031936,1436.0
1739948756.575633,5042176,1436.0
1739948775.6340306,5068800,1524.0
1739948786.6848166,5085184,1504.0
1739948791.0041325,5091328,1491.0
1739948819.283575,5132288,1469.0
1739948837.4900203,5158912,1467.0
1739948844.5309792,5169152,1466.0
1739948864.5203912,5197824,1460.0
1739948867.419651,5201920,1458.0
1739948880.6034043,5220352,1452.0
1739948883.5046313,5224448,1451.0
1739948935.2726269,5298176,1442.0
1739948951.3199549,5320704,1439.0
1739948952.7405512,5322752,1439.0
1739948967.4302063,5343232,1436.0
1739948983.2138412,5365760,1435.0
1739948992.911875,5380096,1437.0
1739949012.0077982,5406720,1434.0
1739949023.5708156,5423104,1433.0
1739949035.371687,5439488,1431.0
1739949041.2844458,5447680,1430.0
1739949047.2038846,5455872,1429.0
1739949074.52185,5494784,1429.0
1739949086.1485956,5511168,1428.0
1739949091.8049111,5519360,1428.0
1739949101.7729478,5533696,1428.0
1739949105.9854774,5539840,1429.0
1739949108.8558521,5543936,1429.0
1739949113.0934741,5550080,1429.0
1739949119.5300875,5558272,1712.0
1739949132.1285708,5576704,1518.0
1739949140.5998147,5588992,1495.0
1739949147.6295755,5599232,1486.0
1739949153.3619428,5607424,1477.0
1739949170.4156468,5632000,1466.0
1739949171.9152782,5634048,1463.0
1739949177.657953,5642240,1460.0
1739949184.6545608,5652480,1460.0
1739949186.0307574,5654528,1461.0
1739949204.4273357,5681152,1458.0
1739949205.8888218,5683200,1457.0
1739949207.2037919,5685248,1458.0
1739949214.256629,5695488,1458.0
1739949221.2890463,5705728,1458.0
1739949225.403269,5711872,1459.0
1739949239.6727011,5732352,1456.0
1739949249.7328768,5746688,1454.0
1739949287.879034,5801984,1453.0
1739949319.5119138,5847040,1448.0
1739949333.7302983,5867520,1448.0
1739949357.8309789,5902336,1447.0
1739949359.1909041,5904384,1448.0
1739949438.347297,6019072,1448.0
1739949442.6640413,6025216,1447.0
1739949462.0094836,6051840,1443.0
1739949488.4202347,6088704,1475.0
1739949492.748151,6094848,1466.0
1739949502.587434,6109184,1464.0
1739949506.7843523,6115328,1464.0
1739949518.2971606,6131712,1455.0
1739949551.850542,6178816,1435.0
1739949584.729585,6225920,1434.0
1739949605.9830194,6256640,1436.0
1739949625.028212,6283264,1431.0
1739949676.7920625,6356992,1429.0
1739949678.302453,6359040,1429.0
1739949705.6252928,6397952,1428.0
1739949707.1798735,6400000,1428.0
1739949708.5386813,6402048,1428.0
1739949722.6690683,6422528,1429.0
1739949728.364848,6430720,1429.0
1739949729.7774274,6432768,1429.0
1739949731.3752573,6434816,1429.0
1739949741.2446296,6449152,1429.0
1739949765.7712352,6483968,1429.0
1739949805.1699347,6541312,1432.0
1739949812.347062,6551552,1432.0
1739949832.309434,6580224,1508.0
1739949842.2645297,6594560,1482.0
1739949849.3876507,6604800,1472.0
1739949867.7780747,6631424,1463.0
1739949872.0301375,6637568,1462.0
1739949884.77306,6656000,1459.0
1739949901.5844982,6680576,1460.0
1739949936.3262057,6729728,1446.0
1739949940.7441752,6735872,1444.0
1739949995.6451678,6813696,1436.0
1739950044.2421443,6883328,1435.0
1739950067.9114008,6916096,1430.0
1739950094.2135782,6952960,1428.0
1739950101.4096525,6963200,1428.0
1739950108.7288775,6973440,1427.0
1739950110.1438134,6975488,1427.0
1739950121.86598,6991872,1426.0
1739950137.5418,7014400,1426.0
1739950157.702296,7043072,1426.0
1739950183.2795377,7059456,2658.0
1739950194.6320426,7075840,1520.0
1739950233.1736507,7131136,1455.0
1739950265.0725105,7176192,1438.0
1739950266.5318053,7178240,1438.0
1739950267.8849761,7180288,1439.0
1739950276.5809329,7192576,1436.0
1739950279.2995868,7196672,1438.0
1739950289.6236906,7211008,1433.0
1739950326.5764244,7264256,1435.0
1739950352.372775,7301120,1434.0
1739950383.7059004,7346176,1435.0
1739950387.9212193,7352320,1435.0
1739950397.8590465,7366656,1436.0
1739950414.7577791,7391232,1437.0
1739950431.8531191,7415808,1437.0
1739950450.4421768,7442432,1437.0
1739950451.8269591,7444480,1437.0
1739950454.775635,7448576,1436.0
1739950474.5833898,7477248,1437.0
1739950508.509501,7526400,1438.0
1739950512.8562407,7532544,1438.0
1739950515.5849712,7536640,1438.0
1739950518.4555109,7540736,1438.0
1739950522.708249,7546880,1438.0
1739950528.4798598,7555072,1438.0
1739950557.034615,7561216,2660.0
1739950584.2793024,7600128,1462.0
1739950598.3790033,7620608,1458.0
1739950615.467895,7645184,1452.0
1739950622.4571326,7655424,1454.0
1739950661.8276336,7712768,1455.0
1739950663.3602393,7714816,1453.0
1739950666.1822312,7718912,1453.0
1739950673.4685674,7729152,1450.0
1739950675.0296144,7731200,1448.0
1739950685.134377,7745536,1446.0
1739950687.939235,7749632,1446.0
1739950715.133234,7788544,1443.0
1739950716.6257017,7790592,1443.0
1739950722.17632,7798784,1444.0
1739950726.445125,7804928,1444.0
1739950758.8073583,7852032,1445.0
1739950808.8488655,7923712,1443.0
1739950811.8122365,7927808,1442.0
1739950826.18933,7948288,1441.0
1739950839.1630523,7966720,1440.0
1739950886.1274087,8034304,1440.0
1739950899.0783393,8052736,1439.0
1739950904.8534691,8060928,1439.0
1739950931.2252934,8073216,1581.0
1739950948.4193397,8097792,1476.0
1739950952.5605733,8103936,1477.0
1739950978.6078491,8138752,1411.0
1739950996.8889103,8165376,1422.0
1739951009.7188888,8183808,1424.0
1739951018.3681538,8196096,1424.0
1739951062.3082573,8259584,1430.0
1739951065.1784418,8263680,1430.0
1739951078.0576942,8282112,1430.0
1739951093.3559117,8304640,1434.0
1739951102.1977322,8316928,1432.0
1739951112.1599526,8331264,1432.0
1739951164.6759093,8407040,1434.0
1739951200.9634106,8458240,1431.0
1739951209.322709,8470528,1432.0
1739951218.0045204,8482816,1432.0
1739951222.340753,8488960,1432.0
1739951253.6642811,8534016,1432.0
1739951268.125222,8554496,1432.0
1739951317.571288,8605696,1463.0
1739951333.1333003,8628224,1458.0
1739951354.2253716,8658944,1457.0
1739951374.0273867,8687616,1455.0
1739951382.6276383,8699904,1452.0
1739951409.66292,8738816,1449.0
1739951414.0113175,8744960,1448.0
1739951418.273489,8751104,1448.0
1739951425.5497844,8761344,1446.0
1739951460.0768464,8810496,1441.0
1739951514.0549057,8886272,1432.0
1739951521.3784022,8896512,1431.0
1739951528.668043,8906752,1430.0
1739951537.2599833,8919040,1430.0
1739951597.3362155,9005056,1430.0
1739951601.5457711,9011200,1431.0
1739951624.6069057,9043968,1430.0
1739951635.8825054,9060352,1431.0
1739951642.21806,9068544,1928.0
1739951663.3179474,9099264,1499.0
1739951666.1403666,9103360,1493.0
1739951681.8102343,9125888,1472.0
1739951692.9775224,9142272,1471.0
1739951708.7879467,9164800,1460.0
1739951725.7987356,9189376,1457.0
1739951758.411924,9236480,1453.0
1739951766.7194228,9248768,1455.0
1739951810.271965,9310208,1444.0
1739951824.5735176,9330688,1443.0
1739951830.1975281,9338880,1443.0
1739951866.050164,9390080,1441.0
1739951871.6855135,9398272,1441.0
1739951880.2423975,9410560,1441.0
1739951925.7783484,9476096,1440.0
1739951929.948569,9482240,1441.0
1739951934.1612303,9488384,1441.0
1739952000.932456,9564160,1384.0
1739952015.4270031,9574400,867.0
1739952023.9492078,9582592,912.0
1739952028.647847,9584640,813.0
1739952056.9506867,9601024,683.0
1739952093.3696992,9623552,656.0
1739952113.8505747,9639936,683.0
1739952124.919376,9648128,688.0
1739952128.9498715,9652224,699.0
1739952144.062761,9664512,711.0
1739952169.4848828,9680896,701.0
1739952171.3715894,9682944,705.0
1739952195.5335221,9701376,713.0
1739952240.4148183,9730048,698.0
1739952263.5355515,9744384,691.0
1739952326.9691212,9789440,695.0
1739952345.740241,9803776,699.0
1739952362.9409893,9816064,699.0
1739952375.1386733,9824256,699.0
1739952377.9954162,9826304,699.0
1739952447.0146,9881600,715.0
1739952455.9972403,9887744,714.0
1739952463.7630105,9893888,715.0
1739952473.206582,9902080,718.0
1739952513.161962,9934848,726.0
1739952517.8820934,9938944,728.0
1739952523.2623026,9943040,728.0
1739952525.2724009,9945088,729.0
1739952527.640526,9947136,730.0
1739952555.2248182,9963520,723.0
1739952672.4105742,10041344,712.0
1739952710.4780154,10067968,712.0
1739952752.9496794,10098688,805.0
1739952802.7783973,10137600,791.0
1739952817.274258,10145792,759.0
1739952833.2985399,10160128,777.0
1739952841.6266978,10168320,791.0
1739952859.2206864,10178560,765.0
1739952936.4590938,10242048,785.0
1739952952.2423725,10264576,828.0
1739952998.3630035,10330112,924.0
1739953032.7171872,10379264,979.0
1739953052.721404,10407936,1006.0
1739953060.2667735,10418176,1013.0
1739953078.8851376,10444800,1035.0
1739953080.2405777,10446848,1036.0
1739953091.8171902,10463232,1048.0
1739953094.547146,10467328,1051.0
1739953101.620808,10477568,1058.0
1739953154.666466,10553344,1103.0
1739953160.2560418,10561536,1108.0
1739953166.167092,10569728,1111.0
1739953185.1529553,10592256,1487.0
1739953186.4992073,10594304,1490.0
1739953189.3563178,10598400,1482.0
1739953190.8714335,10600448,1472.0
1739953236.994874,10665984,1437.0
1739953252.5679715,10688512,1438.0
1739953255.478358,10692608,1437.0
1739953262.5220892,10702848,1438.0
1739953265.3862062,10706944,1438.0
1739953272.470823,10717184,1439.0
1739953281.0334084,10729472,1438.0
1739953290.8977196,10743808,1440.0
1739953309.3803654,10770432,1440.0
1739953330.802483,10801152,1439.0
1739953343.5087023,10819584,1440.0
1739953347.9487832,10825728,1438.0
1739953391.2408643,10887168,1434.0
1739953423.990595,10934272,1435.0
1739953425.5034962,10936320,1434.0
1739953429.8018718,10942464,1434.0
1739953432.751392,10946560,1434.0
1739953438.5849528,10954752,1433.0
1739953447.0581079,10967040,1434.0
1739953486.984697,11024384,1434.0
1739953498.4429474,11040768,1434.0
1739953536.6039033,11087872,1480.0
1739953549.2838295,11106304,1466.0
1739953550.7567027,11108352,1461.0
1739953570.7784133,11137024,1448.0
1739953580.574862,11151360,1451.0
1739953610.966154,11194368,1438.0
1739953623.9387186,11212800,1436.0
1739953628.2278693,11218944,1435.0
1739953631.1687732,11223040,1434.0
1739953695.8707597,11315200,1430.0
1739953703.2796352,11325440,1428.0
1739953704.8514981,11327488,1427.0
1739953720.5606198,11350016,1428.0
1739953723.4015546,11354112,1428.0
1739953754.7199636,11399168,1429.0
1739953786.2297797,11444224,1429.0
1739953839.022242,11520000,1430.0
1739953915.3813543,11620352,1469.0
1739953935.2629693,11649024,1458.0
1739953963.5523205,11689984,1454.0
1739954014.7870657,11763712,1448.0
1739954024.6330726,11778048,1449.0
1739954039.0833268,11798528,1446.0
1739954056.2044003,11823104,1445.0
1739954060.6419706,11829248,1443.0
1739954063.597806,11833344,1442.0
1739954065.019363,11835392,1442.0
1739954098.3226583,11882496,1438.0
1739954110.1420963,11898880,1435.0
1739954171.2443154,11986944,1436.0
1739954219.437057,12056576,1437.0
1739954244.8914104,12083200,1613.0
1739954246.4270554,12085248,1548.0
1739954249.1151655,12089344,1541.0
1739954343.2081094,12224512,1445.0
1739954350.2036994,12234752,1447.0
1739954354.6820195,12240896,1444.0
1739954365.8659484,12257280,1446.0
1739954390.691437,12292096,1438.0
1739954404.130291,12310528,1433.0
1739954414.3573525,12324864,1431.0
1739954423.0433784,12337152,1430.0
1739954431.3598075,12349440,1432.0
1739954432.834016,12351488,1432.0
1739954482.0307276,12423168,1437.0
1739954493.3070133,12439552,1438.0
1739954526.390829,12486656,1436.0
1739954529.2055824,12490752,1436.0
1739954530.5275357,12492800,1437.0
1739954570.688703,12550144,1436.0
1739954576.188753,12558336,1436.0
1739954580.1753783,12562432,1432.0
1739954616.097627,12603392,1490.0
1739954623.0365722,12613632,1486.0
1739954625.831865,12617728,1483.0
1739954628.6319861,12621824,1482.0
1739954665.192147,12675072,1468.0
1739954717.7548792,12750848,1456.0
1739954726.3885663,12763136,1454.0
1739954740.6190665,12783616,1452.0
1739954746.3431072,12791808,1451.0
1739954752.0123615,12800000,1451.0
1739954772.153186,12828672,1448.0
1739954783.8799202,12845056,1445.0
1739954823.871076,12902400,1443.0
1739954826.6080797,12906496,1443.0
1739954836.6566155,12920832,1443.0
1739954848.203017,12937216,1441.0
1739954849.618413,12939264,1441.0
1739954854.056534,12945408,1440.0
1739954874.5880497,12974080,1437.0
1739954894.69832,13002752,1436.0
1739954900.2004032,13010944,1437.0
1739954903.0943608,13015040,1437.0
1739954921.8193536,13041664,1436.0
1739954937.9178212,13064192,1434.0
1739954939.3328552,13066240,1434.0
1739954946.4931717,13076480,1434.0
1739954950.4728425,13080576,2697.0
1739954954.6840596,13086720,1648.0
1739955007.5918622,13162496,1450.0
1739955033.8042266,13199360,1436.0
1739955061.178881,13238272,1433.0
1739955069.7683086,13250560,1432.0
1739955084.1961348,13271040,1431.0
1739955104.2547483,13299712,1431.0
1739955129.8967385,13336576,1432.0
1739955134.2141,13342720,1431.0
1739955135.7292428,13344768,1431.0
1739955182.8320708,13412352,1431.0
1739955187.0738347,13418496,1432.0
1739955199.8783488,13436928,1432.0
1739955208.5929172,13449216,1431.0
1739955215.8467991,13459456,1431.0
1739955234.82148,13486080,1429.0
1739955241.954975,13496320,1429.0
1739955265.1542041,13529088,1428.0
1739955272.384297,13539328,1428.0
1739955279.4716775,13549568,1428.0
1739955285.0937674,13557760,1428.0
1739955318.0980031,13590528,1536.0
1739955338.1428258,13619200,1456.0
1739955366.9987566,13660160,1437.0
1739955384.0167592,13684736,1439.0
1739955401.051709,13709312,1439.0
1739955450.9115705,13780992,1438.0
1739955460.9418728,13795328,1438.0
1739955468.0608087,13805568,1438.0
1739955470.7443285,13809664,1439.0
1739955473.625361,13813760,1439.0
1739955482.2479312,13826048,1438.0
1739955487.8719046,13834240,1439.0
1739955510.8602526,13867008,1437.0
1739955526.3061826,13889536,1439.0
1739955547.6106882,13920256,1439.0
1739955560.3393753,13938688,1439.0
1739955584.7479284,13973504,1438.0
1739955611.7274501,14012416,1439.0
1739955626.030957,14032896,1438.0
1739955634.5366666,14045184,1438.0
1739955642.0280733,14055424,1437.0
1739955644.7464838,14059520,1437.0
1739955653.3055184,14071808,1437.0
1739955673.7631376,14090240,1637.0
1739955697.014269,14123008,1449.0
1739955752.2693546,14202880,1446.0
1739955755.0468383,14206976,1447.0
1739955759.376993,14213120,1446.0
1739955775.1152053,14235648,1444.0
1739955785.2180877,14249984,1442.0
1739955839.1627042,14327808,1442.0
1739955861.997843,14360576,1441.0
1739955869.0484471,14370816,1441.0
1739955871.8712978,14374912,1441.0
1739955876.1157136,14381056,1442.0
1739955900.3736124,14415872,1441.0
1739955914.7677495,14436352,1440.0
1739955916.3303306,14438400,1439.0
1739955937.9555323,14469120,1437.0
1739955951.9764001,14489600,1439.0
1739955998.8749032,14557184,1439.0
1739956036.92879,14604288,1489.0
1739956046.6396062,14618624,1484.0
1739956050.9775643,14624768,1473.0
1739956059.4506114,14637056,1468.0
1739956114.1364996,14714880,1441.0
1739956132.7921586,14741504,1438.0
1739956134.1271048,14743552,1439.0
1739956137.0592213,14747648,1438.0
1739956145.694838,14759936,1437.0
1739956149.8735366,14766080,1438.0
1739956175.5921736,14802944,1437.0
1739956201.4537477,14839808,1436.0
1739956236.2918527,14888960,1431.0
1739956241.8312397,14897152,1433.0
1739956259.0039022,14921728,1432.0
1739956271.7872703,14940160,1433.0
1739956311.118632,14997504,1436.0
1739956319.8468103,15009792,1435.0
1739956357.1833754,15063040,1434.0
1739956363.0298264,15071232,1434.0
1739956365.971038,15075328,1433.0
1739956397.2952225,15101952,1493.0
1739956404.3906558,15112192,1473.0
1739956411.7159958,15122432,1451.0
1739956417.455775,15130624,1447.0
1739956431.7764664,15151104,1441.0
1739956443.0059123,15167488,1445.0
1739956488.807574,15233024,1438.0
1739956498.7091842,15247360,1439.0
1739956514.5455596,15269888,1437.0
1739956516.1228316,15271936,1435.0
1739956524.7519214,15284224,1435.0
1739956555.9539158,15329280,1436.0
1739956561.7533402,15337472,1435.0
1739956564.6488807,15341568,1435.0
1739956581.7986903,15366144,1435.0
1739956615.659168,15415296,1437.0
1739956632.9176395,15439872,1436.0
1739956644.4343758,15456256,1436.0
1739956653.1894782,15468544,1435.0
1739956669.4078074,15491072,1432.0
1739956681.0289195,15507456,1431.0
1739956683.9806652,15511552,1431.0
1739956692.517541,15523840,1431.0
1739956701.5311167,15536128,1429.0
1739956741.9683228,15593472,1719.0
1739956752.008376,15607808,1504.0
1739956754.7148054,15611904,1505.0
1739956757.5928855,15616000,1493.0
1739956761.7428498,15622144,1491.0
1739956805.5859795,15685632,1463.0
1739956807.1309416,15687680,1459.0
1739956814.3198974,15697920,1456.0
1739956834.6410139,15726592,1446.0
1739956837.5749168,15730688,1445.0
1739956839.0798612,15732736,1444.0
1739956926.569843,15855616,1425.0
1739956935.19213,15867904,1425.0
1739956939.4358926,15874048,1426.0
1739956976.4241152,15927296,1428.0
1739956977.9420044,15929344,1427.0
1739956982.162896,15935488,1428.0
1739956983.677867,15937536,1427.0
1739957030.9597776,16005120,1428.0
1739957032.3512487,16007168,1428.0
1739957070.2502594,16060416,1425.0
1739957109.2719223,16095232,1680.0
1739957114.9841661,16103424,1530.0
1739957126.5854177,16119808,1464.0
1739957133.7339594,16130048,1456.0
1739957135.0595193,16132096,1460.0
1739957143.8726306,16144384,1445.0
1739957172.203559,16185344,1445.0
1739957190.171999,16211968,1453.0
1739957198.7919838,16224256,1450.0
1739957221.410412,16257024,1450.0
1739957234.438762,16275456,1446.0
1739957237.3576455,16279552,1445.0
1739957238.7267218,16281600,1446.0
1739957321.4288533,16398336,1432.0
1739957378.9937015,16480256,1430.0
1739957383.155134,16486400,1431.0
1739957384.479043,16488448,1432.0
1739957387.3550806,16492544,1432.0
1739957407.6791046,16521216,1430.0
1739957419.1391628,16537600,1430.0
1739957453.064736,16584704,1426.0
1739957454.5371885,16586752,1426.0
1739957495.3380997,16623616,1444.0
1739957533.2099285,16676864,1420.0
1739957544.8674464,16693248,1417.0
1739957562.3490412,16717824,1415.0
1739957565.342428,16721920,1414.0
1739957592.4587173,16760832,1418.0
1739957594.0149393,16762880,1417.0
1739957624.19357,16805888,1418.0
1739957634.0660565,16820224,1421.0
1739957645.6594725,16836608,1420.0
1739957647.0157907,16838656,1421.0
1739957668.5897217,16869376,1421.0
1739957687.4880912,16896000,1420.0
1739957688.818874,16898048,1421.0
1739957724.7637427,16949248,1421.0
1739957756.4110625,16994304,1421.0
1739957765.1573062,17006592,1421.0
1739957769.4559782,17012736,1421.0
1739957770.8574789,17014784,1421.0
1739957776.7250519,17022976,1421.0
1739957783.7907367,17033216,1421.0
1739957791.0644772,17043456,1421.0
1739957875.8965654,17141760,1434.0
1739957880.282437,17147904,1431.0
1739957896.5829613,17170432,1416.0
1739957909.9424691,17188864,1409.0
1739957917.3500233,17199104,1406.0
1739957947.2123606,17240064,1396.0
1739957967.2282608,17268736,1402.0
1739957974.2746015,17278976,1405.0
1739958003.6348612,17319936,1403.0
1739958034.6895432,17362944,1400.0
1739958040.434995,17371136,1401.0
1739958083.09709,17432576,1408.0
1739958101.8667505,17459200,1408.0
1739958126.2920766,17494016,1410.0
1739958139.5094142,17512448,1409.0
1739958152.4332,17530880,1410.0
1739958165.3655906,17549312,1410.0
1739958173.754385,17561600,1412.0
1739958175.3237329,17563648,1411.0
1739958187.3684392,17580032,1409.0
1739958243.386816,17657856,1454.0
1739958250.4636798,17668096,1453.0
1739958267.2335532,17692672,1456.0
1739958270.1355565,17696768,1454.0
1739958271.545304,17698816,1454.0
1739958280.1291087,17711104,1452.0
1739958325.5923522,17776640,1448.0
1739958331.2204323,17784832,1448.0
1739958375.633274,17848320,1443.0
1739958384.338568,17860608,1442.0
1739958402.983613,17887232,1440.0
1739958410.129906,17897472,1440.0
1739958418.7428212,17909760,1440.0
1739958447.9996367,17950720,1435.0
1739958459.5666614,17967104,1434.0
1739958462.4443913,17971200,1434.0
1739958494.4617426,18016256,1431.0
1739958497.400926,18020352,1431.0
1739958511.9258075,18040832,1430.0
1739958527.919854,18063360,1429.0
1739958533.7812757,18071552,1428.0
1739958547.2689197,18089984,1426.0
1739958574.3771987,18106368,1567.0
1739958578.667698,18112512,1513.0
1739958592.82435,18132992,1475.0
1739958638.7493193,18198528,1444.0
1739958645.9193683,18208768,1442.0
1739958656.0953002,18223104,1438.0
1739958671.856609,18245632,1437.0
1739958680.8628175,18257920,1431.0
1739958691.3777368,18272256,1425.0
1739958714.1872845,18305024,1427.0
1739958719.9121296,18313216,1427.0
1739958746.9590082,18352128,1429.0
1739958784.1083872,18405376,1429.0
1739958789.7943451,18413568,1430.0
1739958802.6474235,18432000,1430.0
1739958811.147562,18444288,1430.0
1739958812.7238953,18446336,1430.0
1739958818.3390498,18454528,1430.0
1739958841.1977637,18487296,1431.0
1739958879.675327,18542592,1431.0
1739958902.3559191,18575360,1432.0
1739958915.3107512,18593792,1432.0
1739958939.183204,18608128,1581.0
1739958946.4148355,18618368,1494.0
1739959014.2593548,18714624,1431.0
1739959019.824949,18722816,1434.0
1739959064.1475546,18786304,1433.0
1739959075.3766685,18802688,1435.0
1739959076.8772805,18804736,1434.0
1739959079.7483974,18808832,1434.0
1739959081.0955417,18810880,1435.0
1739959114.3178556,18857984,1432.0
1739959118.6820672,18864128,1431.0
1739959122.8930147,18870272,1432.0
1739959132.858706,18884608,1432.0
1739959137.10452,18890752,1432.0
1739959144.1790316,18900992,1433.0
1739959149.8187013,18909184,1433.0
1739959162.3846328,18927616,1435.0
1739959163.9004748,18929664,1435.0
1739959169.618682,18937856,1434.0
1739959181.1375635,18954240,1434.0
1739959206.8243825,18991104,1434.0
1739959208.340774,18993152,1434.0
1739959262.5850658,19070976,1434.0
1739959279.8810847,19095552,1433.0
1739959282.7785885,19099648,1433.0
1739959308.7347443,19113984,1527.0
1739959323.1960208,19134464,1459.0
1739959324.6872473,19136512,1454.0
1739959330.47393,19144704,1447.0
1739959333.2961633,19148800,1447.0
1739959339.0246866,19156992,1445.0
1739959343.3493066,19163136,1442.0
1739959356.4641466,19181568,1434.0
1739959366.6543398,19195904,1430.0
1739959376.812988,19210240,1427.0
1739959385.6495037,19222528,1423.0
1739959387.0751746,19224576,1424.0
1739959395.7625241,19236864,1423.0
1739959402.9655983,19247104,1423.0
1739959417.1597402,19267584,1425.0
1739959431.595873,19288064,1424.0
1739959440.3108225,19300352,1423.0
1739959461.7143066,19331072,1425.0
1739959490.0317552,19372032,1428.0
1739959494.4303026,19378176,1427.0
1739959497.4112446,19382272,1426.0
1739959516.2382693,19408896,1425.0
1739959527.764703,19425280,1425.0
1739959536.1816885,19437568,1426.0
1739959539.053165,19441664,1426.0
1739959561.6815817,19474432,1428.0
1739959563.1801655,19476480,1428.0
1739959564.562265,19478528,1428.0
1739959567.406106,19482624,1428.0
1739959607.520084,19539968,1428.0
1739959633.1888256,19576832,1429.0
1739959646.0468946,19595264,1429.0
1739959673.3728015,19613696,1542.0
1739959687.9790778,19634176,1451.0
1739959695.1945844,19644416,1443.0
1739959726.8816152,19689472,1432.0
1739959738.4588406,19705856,1429.0
1739959747.2692122,19718144,1426.0
1739959766.1908667,19744768,1422.0
1739959814.7410123,19812352,1412.0
1739959836.6056135,19843072,1411.0
1739959840.8509753,19849216,1412.0
1739959842.2221038,19851264,1413.0
1739959846.7279904,19857408,1411.0
1739959859.7490993,19875840,1412.0
1739959865.532356,19884032,1412.0
1739959871.2797394,19892224,1412.0
1739959888.8231034,19916800,1411.0
1739959890.1925979,19918848,1412.0
1739959900.3836749,19933184,1411.0
1739959934.97648,19982336,1413.0
1739959937.8366706,19986432,1413.0
1739959959.7040937,20017152,1412.0
1739959961.0842571,20019200,1413.0
1739959969.8872414,20031488,1412.0
1739959974.1671906,20037632,1412.0
1739959987.1717014,20056064,1413.0
1739960010.3795946,20088832,1412.0
1739960014.6017718,20094976,1413.0
1739960041.730827,20109312,1658.0
1739960063.0821304,20140032,1471.0
1739960079.029157,20162560,1448.0
1739960097.9536912,20189184,1435.0
1739960116.880885,20215808,1428.0
1739960141.3804486,20250624,1426.0
1739960151.537797,20264960,1425.0
1739960178.881125,20303872,1424.0
1739960180.233383,20305920,1425.0
1739960190.3363948,20320256,1425.0
1739960194.668933,20326400,1425.0
1739960198.993162,20332544,1424.0
1739960211.8505075,20350976,1425.0
1739960213.1962602,20353024,1426.0
1739960240.4912453,20391936,1426.0
1739960252.1386802,20408320,1425.0
1739960257.658231,20416512,1426.0
1739960259.186743,20418560,1426.0
1739960260.5432022,20420608,1426.0
1739960269.0190835,20432896,1427.0
1739960274.8611941,20441088,1426.0
1739960293.366242,20467712,1427.0
1739960300.4312031,20477952,1428.0
1739960301.9177473,20480000,1427.0
1739960313.3097856,20496384,1428.0
1739960321.9413733,20508672,1428.0
1739960439.9265566,20652032,1436.0
1739960478.5602288,20707328,1433.0
1739960523.8152676,20770816,1421.0
1739960529.4110456,20779008,1423.0
1739960530.907107,20781056,1422.0
1739960548.199404,20805632,1422.0
1739960590.1237397,20865024,1421.0
1739960600.4217014,20879360,1419.0
1739960622.3738093,20910080,1417.0
1739960625.236727,20914176,1417.0
1739960649.960749,20948992,1416.0
1739960660.09268,20963328,1416.0
1739960662.9565918,20967424,1416.0
1739960674.3818448,20983808,1417.0
1739960737.727524,21073920,1418.0
1739960746.4401453,21086208,1418.0
1739960753.5229785,21096448,1418.0
1739960801.7825868,21129216,1478.0
1739960811.8685956,21143552,1455.0
1739960859.1612227,21211136,1438.0
1739960867.8068652,21223424,1436.0
1739960871.9675786,21229568,1438.0
1739960873.358408,21231616,1439.0
1739960916.541209,21293056,1433.0
1739960943.758822,21331968,1432.0
1739960956.993557,21350400,1429.0
1739960973.020322,21372928,1427.0
1739961016.323737,21434368,1426.0
1739961024.9243815,21446656,1426.0
1739961026.4343421,21448704,1425.0
1739961029.335885,21452800,1425.0
1739961035.0980124,21460992,1425.0
1739961084.1384492,21528576,1417.0
1739961098.9614823,21549056,1415.0
1739961124.0140626,21583872,1414.0
1739961157.4317338,21630976,1489.0
1739961171.8817255,21651456,1454.0
1739961178.9054615,21661696,1454.0
1739961185.9931283,21671936,1453.0
1739961203.2645414,21696512,1444.0
1739961214.697338,21712896,1442.0
1739961236.2660508,21743616,1438.0
1739961262.3761518,21780480,1432.0
1739961266.6642041,21786624,1432.0
1739961271.002267,21792768,1432.0
1739961290.4501557,21819392,1423.0
1739961305.9176593,21839872,1414.0
1739961308.9089289,21843968,1413.0
1739961336.096802,21880832,1405.0
1739961401.734693,21970944,1397.0
1739961416.835396,21991424,1395.0
1739961427.6114886,22005760,1392.0
1739961435.3096447,22016000,1390.0
1739961460.029037,22048768,1385.0
1739961470.215074,22063104,1386.0
1739961471.783645,22065152,1386.0
1739961486.8932002,22085632,1384.0
1739961489.9634154,22089728,1384.0
1739961499.12846,22102016,1383.0
1739961556.1235433,22153216,1439.0
1739961566.312243,22167552,1431.0
1739961575.179009,22179840,1423.0
1739961592.6835968,22204416,1418.0
1739961623.672766,22247424,1408.0
1739961656.9713235,22294528,1410.0
1739961670.278028,22312960,1407.0
1739961671.7126334,22315008,1407.0
1739961703.6247299,22360064,1408.0
1739961709.4315343,22368256,1408.0
1739961719.6219866,22382592,1408.0
1739961740.1712198,22411264,1407.0
1739961808.8079941,22503424,1391.0
1739961821.9560268,22521856,1392.0
1739961841.3101404,22548480,1391.0
1739961885.8906786,22611968,1395.0
