#{"t_start": 1752554481.747651, "env_id": "None"}
r,l,t
-2.595794,5,0.125243
6.96693,4,0.129482
36.535314,4,0.139671
4.453532,4,0.14405
8.58931,4,0.148163
12.87536,4,0.152324
8.58931,4,0.157582
0.572652,4,0.16183
-22.373884,32,0.190934
13.041598,4,0.194766
11.168474,4,0.199886
3.560055,4,0.203568
47.790261,5,0.207984
5.989525,4,0.212336
-19.360703,24,0.235043
-22.0,22,0.253137
-46.976828,58,0.305288
32.624539,8,0.312674
29.253077,4,0.3186
-98.799874,100,0.407457
-49.338919,51,0.468188
-4.403685,8,0.475436
-68.0,68,0.561579
32.076483,4,0.565666
-77.205882,86,0.644571
-2.315307,4,0.648782
-99.0,100,0.739231
49.611022,4,0.743261
28.574851,4,0.747279
-100.0,100,0.836381
-42.0,42,0.875956
8.58931,4,0.880331
-43.443574,55,0.927986
2.601045,5,0.934123
8.073045,4,0.940271
-75.0,75,1.011664
-4.0,4,1.017348
-92.746395,100,1.159402
5.335919,4,1.16398
-7.173968,8,1.171227
-3.625808,8,1.178467
-29.177643,38,1.214058
-22.069666,23,1.236632
-100.0,100,1.341802
-34.920237,44,1.381069
-100.0,100,1.469791
-49.0,49,1.513919
28.082424,14,1.526103
0.28776,4,1.531002
-72.0,72,1.601333
0.546858,4,1.606438
-21.809148,27,1.631088
1.975275,10,1.640995
5.146553,4,1.644727
-22.32608,23,1.66508
14.243862,4,1.66907
-98.146239,100,1.76209
-80.641611,100,1.849422
9.500431,17,1.86731
0.871936,4,1.871503
-27.0,27,1.893899
19.233223,4,1.897914
4.12566,4,1.902566
-81.0,81,1.974892
7.16663,4,1.979009
-16.522246,26,2.002297
-26.406768,47,2.04484
-18.252896,32,2.073977
-10.033906,14,2.085763
7.853234,4,2.089783
-4.0,4,2.094533
-48.977113,69,2.158087
62.805484,4,2.167892
-100.0,100,2.26214
-57.499569,84,2.339316
28.993066,4,2.343491
-100.0,100,2.434834
-99.0,100,2.526315
-100.0,100,2.615725
1.663929,4,2.619772
3.135998,4,2.623431
-2.314497,4,2.627429
-28.108165,39,2.661006
10.585249,4,2.664741
0.28776,4,2.668934
0.420565,4,2.672428
4.079763,5,2.679138
-99.596094,100,2.768124
61.382844,4,2.772188
6.16663,5,2.776641
5.691791,4,2.781431
-6.0,6,2.785802
13.072444,16,2.800054
13.445567,4,2.803569
4.490761,4,2.807978
-86.252896,100,2.895259
18.373585,4,2.899623
21.072444,8,2.906987
-100.0,100,2.996955
-49.0,50,3.044118
0.126904,5,3.048218
0.546858,4,3.052282
34.552768,4,3.057788
5.610274,4,3.062004
-12.961262,20,3.080068
-11.771307,16,3.095008
-77.656423,100,3.186576
50.241862,4,3.190655
-100.0,100,3.278606
-97.885776,100,3.36673
14.199744,4,3.371648
-3.234904,4,3.375434
-17.0,17,3.389927
4.54793,4,3.393513
-40.688895,100,3.481732
-99.0,100,3.570704
-21.0,21,3.591048
8.681972,4,3.595087
-2.089448,4,3.599655
-60.520974,100,3.687599
-88.0,88,3.772259
-18.547781,21,3.791122
-5.545201,30,3.817642
-97.597853,100,3.906416
1.98133,11,3.91673
3.551284,8,3.925536
-14.28694,15,3.940433
-100.0,100,4.030093
1.123517,4,4.033958
25.719755,4,4.037821
-55.89312,77,4.106963
-30.009875,37,4.139029
-100.0,100,4.227909
8.681972,4,4.23197
-76.211143,77,4.303248
4.186167,4,4.307406
-13.596094,14,4.318854
-55.725608,78,4.389709
-49.763098,51,4.434679
-23.521734,44,4.473822
-57.0,57,4.526916
2.478266,18,4.5416
-73.0,73,4.607176
-100.0,100,4.696336
8.864192,4,4.700404
4.682246,4,4.704309
9.466694,4,4.709346
-73.791697,100,4.797611
-99.308555,100,4.835691
-100.0,100,4.873453
-100.0,100,4.912309
-87.34075,100,4.951188
17.41257,4,4.953139
-92.453869,100,5.050314
-100.0,100,5.137605
-100.0,100,5.22703
-2.354968,4,5.231067
-3.321356,5,5.237436
31.520908,4,5.241596
-100.0,100,5.331662
7.627557,4,5.335737
-98.38036,100,5.424682
-25.201951,29,5.451471
-40.551743,41,5.48826
-1.606641,4,5.492157
-3.595794,6,5.499014
-41.146239,43,5.534328
-19.803335,25,5.559144
-41.0,41,5.595951
-10.0,10,5.604313
5.0847,4,5.608431
16.256884,14,5.622989
41.919505,4,5.627044
-0.379338,4,5.631244
-32.515781,55,5.681732
6.171242,8,5.689881
-97.866515,100,5.778393
-32.869345,38,5.8129
-100.0,100,5.90072
-9.335696,11,5.911917
-0.71224,5,5.916413
-2.308555,4,5.920578
0.360605,4,5.924641
8.76261,4,5.929369
0.760757,4,5.93345
-66.0,66,5.992332
3.079665,7,5.99741
-92.185186,100,6.086926
56.705557,6,6.093486
-35.0,35,6.125443
-89.0,89,6.20318
21.159594,4,6.208109
-2.53169,23,6.228518
-18.3279,20,6.247413
-61.0,61,6.300259
-7.0,7,6.3096
-12.0,12,6.320301
-1.759707,4,6.324333
-72.784104,80,6.39601
6.158724,5,6.401313
-42.851446,78,6.471286
-0.36576,4,6.475397
-48.0,48,6.517437
-3.307952,5,6.524939
8.136183,5,6.529026
-59.0,59,6.581902
4.186167,4,6.586118
0.037111,6,6.591718
-19.0,19,6.608854
-10.118275,12,6.619399
-4.211143,6,6.624168
-6.694133,53,6.689584
-18.685989,28,6.715422
49.93056,4,6.719535
-64.0,64,6.776198
32.191057,4,6.781133
3.851521,4,6.785288
-69.0,69,6.845555
45.332621,4,6.849598
8.76261,4,6.854349
-97.433361,100,6.943731
45.640659,4,6.947851
-2.354968,4,6.951906
-43.542396,69,7.014175
23.567941,4,7.01828
-100.0,100,7.11761
-81.0,82,7.190959
22.168072,4,7.196132
-3.0,4,7.200025
-18.0,19,7.215748
-99.0,100,7.303444
-1.198645,4,7.308398
-33.547781,36,7.340339
17.478266,4,7.344541
7.739483,4,7.348582
-10.38036,11,7.359807
7.681972,5,7.364264
36.865353,4,7.368308
-98.314497,100,7.456644
-93.43443,96,7.542798
46.6395,4,7.546923
-66.948808,79,7.619195
-8.0,8,7.626374
13.228994,4,7.631591
24.96476,4,7.635493
35.206499,4,7.639555
-100.0,100,7.728214
-99.38036,100,7.817321
23.288501,5,7.821604
-55.0,55,7.872165
0.360605,4,7.876284
15.202278,5,7.881675
68.685485,4,7.885293
57.425674,4,7.889301
-0.379338,4,7.893514
-2.225929,4,7.898168
25.719755,4,7.902258
-21.0,21,7.922402
-97.876713,100,8.010084
-64.0,65,8.070416
-2.211143,4,8.074651
55.146653,4,8.078763
16.282826,4,8.082868
58.061387,5,8.088092
-91.0,91,8.168459
-5.110932,11,8.17905
16.282826,4,8.183745
-2.338919,4,8.188446
32.818136,5,8.193368
1.789346,4,8.197425
0.132661,4,8.201558
15.586521,5,8.206447
17.186648,5,8.210712
0.546858,4,8.214804
-2.663712,5,8.221923
27.441515,4,8.226653
19.55669,4,8.230753
-3.308555,4,8.234486
-22.635407,26,8.256689
-0.508639,4,8.261347
12.85847,5,8.265868
0.663929,5,8.272602
-5.0,5,8.276634
-99.551743,100,8.368019
-98.350241,100,8.460229
-64.628492,66,8.518203
-42.025504,50,8.564187
-3.31075,5,8.569742
17.210485,4,8.573774
1.191058,4,8.577805
-2.315307,4,8.582021
-94.047539,100,8.671821
15.202278,5,8.676413
6.44703,4,8.680493
41.110328,4,8.684565
-100.0,100,8.776819
-51.0,52,8.823436
43.845431,5,8.829773
3.728201,4,8.833808
-2.852549,5,8.83921
-2.329876,4,8.84344
0.663929,5,8.848004
-0.584952,4,8.852328
-32.0,32,8.881244
4.974496,4,8.885441
57.705557,5,8.889717
6.212283,4,8.893154
-32.0,32,8.922478
25.589184,5,8.928856
-92.784104,100,9.016667
-98.670258,100,9.107778
-22.972306,39,9.143838
-25.747918,52,9.190454
16.282826,4,9.194847
32.191057,4,9.198948
2.822545,4,9.203881
33.552768,5,9.210384
-9.43443,12,9.221186
-3.791008,5,9.225473
17.523285,4,9.230184
27.392794,4,9.234006
-5.335696,7,9.241638
60.796078,4,9.245674
7.681972,5,9.250817
-15.201951,19,9.268742
35.283371,4,9.272884
-69.0,69,9.333762
-21.0,21,9.352756
-77.948808,90,9.435556
-87.231788,100,9.527275
-100.0,100,9.580986
-100.0,100,9.619464
5.506735,4,9.621513
-98.670258,100,9.659522
-0.71224,5,9.661941
40.468189,5,9.674952
3.186167,5,9.680466
-3.350241,5,9.684747
4.822357,4,9.688954
2.512824,37,9.722244
-10.763761,12,9.73346
1.789346,4,9.737485
-3.0,4,9.741179
-19.0,19,9.758439
-87.635407,91,9.839625
52.814303,4,9.843657
-100.0,100,9.931092
45.497635,4,9.935209
40.171101,4,9.941188
35.479026,4,9.944929
-75.0,75,10.011874
-7.0,8,10.019187
-98.540435,100,10.108992
-100.0,100,10.195898
-36.0,36,10.228805
-72.0,72,10.312648
-3.328756,4,10.31847
1.477213,10,10.326516
-14.0,14,10.33985
-57.0,58,10.389259
-53.015929,57,10.440255
-100.0,100,10.528583
-0.36576,4,10.532615
-0.508639,4,10.536593
58.061387,5,10.544934
4.12566,4,10.548656
19.338112,4,10.554583
-3.350241,5,10.55927
-34.0,34,10.590198
-0.933919,27,10.614533
4.779258,4,10.618649
-98.338919,100,10.708595
-100.0,100,10.797953
20.330368,4,10.802023
-51.0,51,10.847587
29.443626,4,10.851612
17.237911,4,10.85769
-100.0,100,10.948483
6.787941,4,10.952644
-15.0,15,10.966921
33.818136,4,10.973056
-3.321356,5,10.977592
17.703406,16,10.993285
-100.0,100,11.08086
-100.0,100,11.172239
-0.323289,4,11.17617
-99.0,100,11.264697
4.556426,8,11.272116
58.520355,4,11.278204
32.191057,4,11.282308
-7.0,7,11.288882
0.521223,4,11.293024
-99.0,100,11.381472
0.360192,4,11.385575
-1.437261,22,11.404204
-100.0,100,11.493278
3.990125,4,11.499573
15.202278,5,11.504146
17.41257,4,11.508111
34.775051,4,11.512105
15.608085,4,11.517922
7.681972,5,11.524545
-13.0,14,11.536047
8.686515,22,11.556927
55.146653,4,11.562881
3.601045,4,11.566903
-43.0,44,11.606441
30.808964,4,11.610161
-6.826552,24,11.633801
21.691694,4,11.637687
-3.54915,4,11.641372
1.57276,4,11.644763
13.696394,4,11.650633
-62.0,63,11.706805
3.851521,4,11.710967
3.138413,5,11.717124
-3.849898,5,11.723215
4.974496,4,11.727327
-45.0,45,11.766133
-48.118275,50,11.81084
-100.0,100,11.900899
-73.336642,82,11.97351
-2.799874,4,11.977426
-42.0,42,12.014866
-32.148479,39,12.049934
2.990125,5,12.056347
33.818001,4,12.060113
-11.173968,13,12.071771
15.710901,5,12.077888
-54.0,54,12.126045
8.540885,4,12.130137
-24.395393,32,12.159034
4.362999,4,12.165164
-39.0,39,12.198117
-57.299984,59,12.25011
-100.0,100,12.340121
17.237911,4,12.346226
1.191058,4,12.350292
28.327044,4,12.355176
0.871936,4,12.359438
-83.322537,86,12.443956
-0.453142,5,12.448453
-3.321356,5,12.453012
-9.322537,11,12.463684
-2.791008,4,12.469712
-3.0,4,12.473506
1.744093,5,12.477973
3.024768,4,12.482036
-95.435195,98,12.571628
0.28776,4,12.575785
-3.005528,8,12.582796
36.624539,4,12.586918
7.405938,4,12.592919
16.593232,4,12.596956
-2.308555,4,12.601178
-8.472025,22,12.620898
-9.0,9,12.629814
17.433282,4,12.634032
-100.0,100,12.722262
33.46848,4,12.726269
6.223766,4,12.73248
0.760757,4,12.736506
8.557332,4,12.740541
-96.0,97,12.828681
-94.597228,96,12.916498
4.822357,4,12.92069
4.400045,4,12.924623
1.765847,4,12.929262
-14.373884,24,12.95453
-83.005528,88,13.032727
8.557332,4,13.036796
-71.540435,73,13.099944
-2.485301,4,13.106061
1.161361,5,13.110536
-27.0,27,13.134786
0.478266,20,13.15276
-3.31075,5,13.159632
8.458334,4,13.163678
-11.632848,31,13.191383
-53.55702,55,13.242654
57.705557,5,13.249094
43.416124,4,13.253383
-3.321356,5,13.257928
-65.0,65,13.314303
-91.0,91,13.395861
6.856978,4,13.399952
-29.0,30,13.427139
-12.0,12,13.439905
35.874798,4,13.445617
30.659141,4,13.449721
5.506735,4,13.453752
23.303842,4,13.457832
-7.335696,9,13.467538
22.830247,4,13.471229
2.990125,5,13.475559
-36.0,37,13.507224
29.624539,11,13.51866
-1.089448,4,13.522808
-100.0,100,13.610637
36.624539,4,13.614785
17.148633,4,13.620877
30.977699,4,13.625169
0.760757,4,13.62919
17.08799,4,13.633712
4.779258,4,13.63978
1.482465,34,13.671146
-98.55702,100,13.760206
34.505825,4,13.76439
-1.162741,4,13.770079
-40.0,40,13.805235
20.93071,4,13.809252
-11.0,12,13.819958
-73.0,73,13.884943
0.760757,4,13.889097
7.61963,4,13.89317
-61.55702,63,13.951172
-36.0,37,13.98496
23.567941,4,13.988991
6.045564,4,13.993016
-34.308555,35,14.024686
-71.0,71,14.088599
-1.807567,4,14.092711
-91.597228,94,14.176814
-92.520888,94,14.256984
2.643318,4,14.262397
-2.849898,4,14.26628
42.129066,4,14.275874
4.690884,4,14.277808
6.856978,4,14.279866
9.585742,4,14.281824
32.191057,4,14.283911
-1.526666,4,14.296313
-98.798657,100,14.385606
-3.321356,5,14.39327
25.686515,5,14.39805
44.947101,4,14.402095
-100.0,100,14.490084
-6.0,6,14.495307
-13.0,13,14.50843
0.132661,4,14.512517
5.0847,4,14.516463
0.760757,4,14.521158
-30.0,30,14.546115
16.753853,4,14.550173
47.33192,4,14.554167
20.93071,4,14.55889
1.765847,4,14.5629
-37.568201,39,14.598423
-18.0,18,14.613127
4.779258,4,14.617875
1.467516,4,14.622092
16.23588,4,14.626036
7.405938,4,14.629842
33.818136,4,14.634541
-98.537002,100,14.723583
-98.38036,100,14.809195
14.415341,5,14.815542
-3.0,4,14.82003
-2.225929,4,14.824162
-12.0,12,14.834878
0.924581,4,14.838895
-62.569842,64,14.897074
6.158724,5,14.901543
6.16663,5,14.905957
-1.731905,4,14.909921
-67.635407,71,14.97282
9.466142,4,14.976988
-71.0,71,15.039412
55.855313,4,15.043435
-59.0,59,15.09365
29.443626,4,15.097853
13.566304,4,15.101869
5.043431,4,15.105901
-31.869345,37,15.141189
0.871936,4,15.14526
-3.308555,5,15.149573
4.690884,4,15.153546
31.193917,4,15.158286
-43.568077,44,15.200152
0.28776,4,15.204261
2.593197,5,15.208214
36.624539,4,15.213081
-9.21612,10,15.223201
-2.485301,4,15.227203
48.880057,4,15.231199
-2.450088,4,15.235856
49.611022,4,15.239859
-99.670258,100,15.328686
-100.0,100,15.416665
15.202278,4,15.421555
15.977311,4,15.425772
19.338112,4,15.429807
-2.791008,4,15.433998
6.023172,4,15.438424
0.546858,4,15.442494
38.159537,4,15.446634
-23.568201,25,15.468451
10.272705,4,15.473138
-98.347807,100,15.562113
22.987263,4,15.566208
-3.225929,5,15.570536
-35.0,35,15.603046
25.719755,4,15.607149
17.316265,4,15.611204
55.307157,4,15.615206
34.505825,4,15.619717
-27.243642,28,15.643754
23.337109,4,15.647772
-34.628492,36,15.679358
4.138413,4,15.684179
-72.339684,74,15.749041
7.681972,5,15.755404
55.855313,4,15.759415
-99.0,100,15.847872
21.846906,4,15.851657
2.689709,4,15.855364
17.433282,4,15.859391
42.129066,4,15.863926
7.554379,4,15.868092
1.195268,4,15.872461
48.423266,4,15.876611
38.893805,4,15.881298
51.772991,4,15.885348
-55.0,56,15.935095
16.23588,4,15.939061
29.443626,4,15.943724
4.362999,4,15.94781
22.96476,6,15.952217
-91.96099,100,16.042028
-26.0,26,16.06641
3.851521,4,16.070598
3.12566,5,16.074804
0.360605,4,16.078865
-40.637885,44,16.118889
-99.243642,100,16.209347
-27.0,27,16.233562
18.101274,4,16.237688
4.779258,4,16.242556
44.067967,4,16.246835
8.097385,4,16.250858
-98.308536,100,16.339582
-24.0,24,16.361
-71.38036,72,16.424482
-63.0,63,16.478972
16.478266,4,16.482699
1.195268,4,16.488607
9.514766,4,16.492341
-68.0,68,16.553669
-33.0,33,16.585186
-66.0,66,16.645562
46.6395,4,16.649602
0.28776,4,16.653644
-98.0,98,16.741824
-100.0,100,16.831823
36.577351,4,16.835974
4.12566,4,16.839749
4.678252,4,16.843565
23.156213,4,16.848214
27.957824,4,16.851951
6.16663,5,16.856458
6.856978,4,16.860533
22.987263,4,16.865397
34.775051,4,16.869422
8.152785,4,16.873141
1.191058,4,16.877143
16.101274,5,16.881727
0.871936,4,16.885646
4.682246,4,16.889808
-26.0,26,16.914572
25.933457,4,16.919402
3.851521,4,16.923592
5.491405,4,16.927585
44.067967,4,16.931638
4.724243,5,16.93676
4.682246,4,16.940996
22.499683,4,16.944833
18.481345,4,16.948938
6.158724,5,16.954104
-38.0,38,16.989445
1.191058,4,16.993481
-98.340517,100,17.106922
-18.509821,20,17.125817
4.362999,4,17.129915
-96.0,96,17.215254
0.871936,4,17.219348
37.971585,4,17.224133
-92.415158,100,17.3158
-28.0,28,17.340689
8.458334,4,17.344715
-100.0,100,17.434993
-3.319597,4,17.438845
35.624539,5,17.443162
4.822357,4,17.447299
2.037111,4,17.452308
-98.597228,100,17.542201
48.704932,4,17.546319
-75.597228,77,17.613591
7.511314,4,17.618526
41.919505,4,17.622905
8.383081,4,17.626411
16.595017,4,17.63035
33.818136,4,17.63516
-100.0,100,17.72485
54.07139,4,17.729013
-7.595794,10,17.739132
-29.596094,30,17.765722
-24.0,24,17.786597
-100.0,100,17.877264
13.224722,4,17.881331
35.233411,4,17.886168
17.08799,4,17.890183
0.846094,4,17.894571
38.688249,4,17.898622
28.574851,4,17.90397
40.858813,4,17.908029
17.360504,4,17.912027
48.880057,4,17.916126
4.690884,4,17.920902
9.053148,4,17.925513
48.028555,4,17.929616
39.164958,4,17.933805
6.894171,4,17.938759
9.357768,4,17.942564
4.690884,4,17.946875
-12.0,12,17.957674
18.676507,4,17.962333
-100.0,100,18.049886
42.94189,4,18.053969
20.93071,4,18.057996
-54.335696,56,18.110857
22.112812,4,18.115559
4.724243,5,18.120358
35.022756,4,18.124389
46.597504,4,18.129182
0.521223,4,18.13351
0.11465,4,18.137531
-27.0,28,18.162026
8.590637,5,18.169004
-100.0,100,18.342668
-3.791008,5,18.348332
1.191058,4,18.352697
-100.0,100,18.44329
-61.0,61,18.51601
-94.0,94,18.602058
56.208967,4,18.606142
-98.55702,100,18.696892
0.546858,4,18.701759
-2.488329,4,18.705994
32.104635,5,18.710558
-96.635407,100,18.805201
48.552675,4,18.809383
-49.628492,51,18.857106
-100.0,100,18.946867
4.690884,4,18.951919
16.710901,4,18.956114
4.724243,5,18.960728
4.690884,4,18.964766
18.676507,4,18.969249
7.58931,5,18.973696
48.552675,4,18.978018
-2.665763,5,18.982819
-100.0,100,19.047066
31.832531,4,19.049104
7.681972,5,19.051836
-100.0,100,19.089941
-98.55702,100,19.127989
3.571122,4,19.133683
-49.13519,53,19.184417
51.169903,4,19.188569
21.112812,5,19.192977
4.186167,4,19.198315
9.859766,4,19.202576
-99.0,99,19.296022
9.466142,4,19.30009
30.659141,4,19.306246
-50.0,50,19.350339
54.935344,4,19.354502
-1.975045,4,19.358861
-42.317754,51,19.407061
-83.624164,93,19.487909
-22.0,22,19.50902
56.210949,4,19.513153
0.187529,4,19.519451
-13.0,13,19.530876
-98.568201,100,19.618271
4.724243,5,19.623286
-0.162741,4,19.62941
16.611373,4,19.633541
-18.0,18,19.650364
-100.0,100,19.739726
5.286719,4,19.746236
3.186167,5,19.750808
-46.0,46,19.790036
-35.635407,39,19.823783
-73.933919,100,19.913198
-13.325369,16,19.927493
-15.595794,17,19.942313
4.822357,4,19.94645
-52.299984,54,19.997366
-98.38036,100,20.08567
-33.266639,58,20.136672
-2.765762,4,20.140453
6.16663,5,20.150015
-83.299984,85,20.224949
-94.0,94,20.309978
30.890019,4,20.314392
56.651698,4,20.320757
-99.0,100,20.410123
32.104635,5,20.416468
55.855313,4,20.42063
9.859766,4,20.426783
28.363229,4,20.430809
28.282707,4,20.434809
7.61963,4,20.438895
20.93071,4,20.445826
30.70328,4,20.449564
48.423266,4,20.453853
9.322832,5,20.458005
7.681972,5,20.464493
-2.322537,4,20.468505
48.028555,4,20.472523
27.630172,4,20.476569
0.360192,4,20.482476
0.546858,4,20.486536
-8.41919,10,20.49667
0.64821,4,20.500668
46.034783,4,20.50663
44.067967,4,20.510768
0.28776,4,20.514824
14.415341,5,20.519388
35.233411,4,20.525346
-68.0,68,20.58861
-98.298145,100,20.683448
-12.362662,17,20.698627
-10.541515,26,20.725952
0.11465,4,20.730093
34.136719,4,20.734206
44.067967,4,20.73843
32.076483,4,20.744495
0.838387,4,20.748254
-22.069666,23,20.766923
40.171101,4,20.770921
13.85847,4,20.77681
-25.0,25,20.80049
0.11465,4,20.805025
0.360605,4,20.809054
29.199687,4,20.814983
0.792114,4,20.818663
7.405938,4,20.822651
3.362999,5,20.826947
-28.0,28,20.854023
-94.0,95,20.94045
-99.0,100,21.027766
0.546858,4,21.031676
24.146451,4,21.037535
12.555452,4,21.041649
-91.0,91,21.119376
-22.541245,23,21.14004
40.31479,4,21.146106
3.851521,4,21.151683
-34.335696,36,21.18481
-16.0,16,21.198937
-65.0,65,21.258331
18.595052,4,21.262083
8.557332,4,21.266249
4.779258,4,21.272021
-21.0,22,21.294161
28.97528,4,21.29818
21.251146,4,21.302257
6.198616,4,21.306267
31.867257,4,21.312213
-28.350241,30,21.337582
3.052619,4,21.341335
-11.335696,13,21.35411
4.822357,4,21.360146
4.710079,4,21.364236
14.415341,5,21.369005
-63.0,63,21.425659
11.782447,4,21.431796
-88.403685,92,21.512757
-79.553608,100,21.59924
-4.0,4,21.602863
1.238492,4,21.609092
6.386312,4,21.613145
7.405938,4,21.617158
-0.776582,5,21.621688
-100.0,100,21.71198
4.186167,4,21.716114
1.765847,4,21.720134
0.375836,9,21.727278
18.481345,4,21.733208
-100.0,100,21.821628
-100.0,100,21.910162
7.090739,4,21.914406
8.557332,4,21.921171
-96.635407,100,22.009824
33.818136,4,22.013947
-87.294138,100,22.102933
21.084538,4,22.108822
-100.0,100,22.19683
7.122046,4,22.200984
2.038199,4,22.205008
-0.162741,4,22.211163
-41.544988,42,22.248693
25.910871,4,22.252714
-40.597228,43,22.290311
-19.874674,24,22.313405
55.146653,4,22.317406
6.978179,6,22.323687
-17.725883,28,22.34932
-40.0,40,22.385449
-75.0,76,22.452211
10.417563,5,22.456457
4.186167,4,22.460633
5.043431,4,22.466727
-70.639808,75,22.532092
0.792114,4,22.535802
0.28776,4,22.539841
6.198616,4,22.545736
-20.557142,25,22.56737
-41.437261,62,22.624142
-84.901451,89,22.702642
35.206499,4,22.708684
-26.0,26,22.730697
1.861596,4,22.734658
14.359328,5,22.740812
-23.557142,28,22.767395
-11.484936,16,22.781264
29.199687,4,22.785254
1.668803,4,22.789204
-100.0,100,22.880561
-94.0,95,22.963114
-32.0,32,22.992305
4.779258,4,22.996442
-4.294138,17,23.014307
-8.0,8,23.021773
3.990125,4,23.025869
-2.234904,4,23.030012
-100.0,100,23.118583
57.086351,4,23.122872
-34.597228,36,23.155721
-20.0,20,23.175684
-25.590737,59,23.228093
-4.059313,5,23.234204
14.434341,4,23.238253
-1.975045,4,23.242328
21.356635,4,23.248094
17.15204,4,23.252119
-19.832584,25,23.273398
36.624539,4,23.277497
-1.975045,4,23.28353
0.895998,53,23.331116
36.342331,4,23.335258
-100.0,100,23.425447
13.566304,4,23.431479
37.480725,4,23.435555
25.38305,4,23.439568
13.566304,4,23.443587
-32.552783,47,23.487785
-99.550367,100,23.578443
32.895998,21,23.597574
7.511314,4,23.601729
8.270364,4,23.607674
15.718866,4,23.611722
8.124917,4,23.615757
35.898414,4,23.619762
-48.0,49,23.664119
34.775051,4,23.668115
36.342331,4,24.005456
-100.0,100,24.044024
-99.670258,100,24.08255
44.067967,4,24.08464
32.191057,4,24.086779
42.262003,4,24.093753
-0.508639,4,24.098083
4.362999,4,24.104057
39.682362,4,24.108158
-4.315307,5,24.113994
-100.0,100,24.201599
0.187529,4,24.207865
-29.0,29,24.233168
-100.0,100,24.320709
0.186167,8,24.328313
34.136719,4,24.334491
-35.0,35,24.365824
-0.511714,4,24.369609
1.191058,4,24.373654
3.360894,4,24.379495
5.506735,4,24.383558
-1.975045,4,24.387706
-69.596094,70,24.44933
33.818136,4,24.455542
1.308582,4,24.459617
12.494051,4,24.463391
0.924581,4,24.467448
12.639996,4,24.47339
-53.0,54,24.522111
7.554379,4,24.526187
-63.783451,100,24.61401
-3.338919,5,24.6216
-63.0,63,24.678106
-100.0,100,24.772818
-37.0,37,24.807039
1.861596,4,24.813362
16.446392,4,24.816791
20.333362,4,24.821005
6.787941,4,24.825062
4.822357,4,24.831117
24.146451,4,24.835168
0.360192,4,24.83925
32.682118,5,24.843482
-100.0,100,24.933573
16.611373,4,24.93763
4.779258,4,24.941749
-7.384952,22,24.962434
-100.0,100,25.053894
8.152785,4,25.057674
39.775421,4,25.061715
-37.0,37,25.094103
9.466142,4,25.100145
-12.286734,13,25.111354
0.521223,4,25.115615
28.97528,4,25.119661
7.090739,4,25.125617
6.848015,4,25.129093
35.206499,4,25.133164
4.974496,4,25.137298
33.600965,4,25.143223
-80.626773,85,25.216783
9.987263,17,25.233548
38.688249,4,25.237657
-98.322537,100,25.328148
4.724243,5,25.332869
5.491405,4,25.336904
-30.596094,31,25.363758
20.861274,4,25.370049
1.861596,4,25.374267
-92.546556,93,25.45684
33.818136,4,25.460968
-2.55702,4,25.467102
8.557332,4,25.471146
56.651698,4,25.475191
-77.0,77,25.543149
50.718442,4,25.549269
-41.278942,43,25.589182
39.164958,4,25.593297
-17.873096,23,25.614336
-36.874674,41,25.653886
55.431252,4,25.657973
21.487323,4,25.662027
1.861596,4,25.666069
-62.874225,84,25.742633
-19.0,19,25.76029
36.577351,4,25.764162
-2.322537,4,25.768178
-18.278942,20,25.788408
29.409263,4,25.792174
3.990125,4,25.7968
-2.338919,4,25.800591
-10.0,10,25.810746
-71.0,71,25.874838
14.062975,4,25.878906
-2.852549,4,25.882427
-3.31075,5,25.889389
-13.0,14,25.902968
37.480725,4,25.906784
-13.243407,14,25.918348
8.87337,4,25.924735
9.031053,4,25.929028
-94.0,94,26.015431
15.359328,4,26.019603
-96.015929,100,26.112486
7.61963,4,26.11658
-2.799874,4,26.120446
6.44703,4,26.124585
-2.308555,4,26.131445
0.11465,4,26.135558
32.863463,4,26.139436
-20.404492,24,26.163627
7.61963,4,26.169774
7.329422,4,26.17388
-7.222439,8,26.180656
44.586927,4,26.184824
-1.849898,4,26.190991
44.067967,4,26.195083
47.33192,4,26.19914
-2.889801,5,26.203758
8.023081,4,26.20967
7.61963,4,26.213778
-76.0,76,26.285194
28.282707,4,26.289291
-0.13081,4,26.297262
-2.670258,4,26.301089
0.057237,4,26.304633
-2.885776,5,26.30917
-69.0,69,26.374333
61.742199,4,26.378452
-17.0,17,26.398793
-2.173968,4,26.402959
-25.298145,27,26.429709
13.233053,7,26.436651
-67.568494,69,26.497994
-3.885776,6,26.504704
8.073045,4,26.510782
30.808964,4,26.514541
15.749498,4,26.518283
-5.569842,7,26.524895
1.161361,5,26.531299
7.090739,4,26.535394
-25.597228,27,26.561892
4.362999,4,26.56602
18.481345,4,26.572091
1.161361,5,26.576619
-99.540435,100,26.663939
3.571122,4,26.667726
4.362999,4,26.673857
-35.0,35,26.707105
-1.697549,4,26.711145
17.237911,4,26.715184
33.552768,5,26.721406
-21.0,21,26.740096
-2.615282,5,26.744617
-34.484936,39,26.780684
-3.791008,5,26.786961
4.831912,4,26.791028
0.132661,4,26.795183
-97.731905,100,26.885786
-2.791008,4,26.892092
0.186524,11,26.902511
7.61963,4,26.906654
12.555452,4,26.910875
57.450935,4,26.916996
-98.298145,100,27.006272
5.223766,4,27.010111
-5.41919,7,27.016643
7.405938,4,27.022724
55.855313,4,27.026867
-74.596094,75,27.118191
-12.0,13,27.129433
29.443626,4,27.135573
-11.335696,13,27.148216
-2.13519,6,27.154818
1.861596,4,27.158936
-2.7748,4,27.164637
60.455735,4,27.168676
4.851978,5,27.173126
34.391207,4,27.176956
-3.0,4,27.182541
-7.0,7,27.189818
6.356808,4,27.193921
-98.596094,100,27.283346
-28.981232,72,27.350247
0.546858,4,27.354432
7.978179,5,27.358827
55.094083,4,27.362963
33.818136,4,27.368981
-10.322537,12,27.379946
-1.759707,5,27.384398
-83.685369,100,27.477898
-100.0,100,27.570425
-18.0,19,27.587434
-100.0,100,27.679266
0.238492,5,27.683634
44.067967,4,27.689801
4.138413,4,27.694046
-88.298145,90,27.776043
0.28776,4,27.780174
7.023172,4,27.786448
-13.275443,14,27.798213
6.141626,4,27.802512
0.846094,4,27.806651
3.12566,5,27.813091
4.12566,4,27.81716
0.924581,4,27.821224
16.753853,4,27.825239
-31.069666,32,27.856598
10.114708,4,27.86072
4.822357,4,27.864896
1.861596,4,27.869016
43.903252,4,27.875146
27.614694,4,27.879206
-98.450088,100,27.971366
-43.0,44,28.012105
-25.0,25,28.038736
11.153196,4,28.042454
-38.321356,40,28.082587
32.001735,4,28.086763
-0.315097,24,28.110305
56.782046,4,28.114384
-96.491093,100,28.203045
14.415341,5,28.207641
12.494051,4,28.213349
6.44703,4,28.217421
23.337109,4,28.221806
1.238492,4,28.22596
-3.665763,6,28.232939
12.639996,4,28.237115
31.193917,4,28.241278
8.124917,4,28.245375
10.545289,4,28.251571
23.43362,4,28.255873
1.190271,4,28.259897
-55.55702,57,28.314933
36.099919,4,28.32325
-60.0,60,28.378168
22.112812,4,28.381999
53.503334,4,28.386052
-60.447232,99,28.47447
-13.0,13,28.488154
18.481345,4,28.492208
-4.0,4,28.495803
-4.0,4,28.50159
33.818136,4,28.505636
-19.893581,22,28.525014
47.33192,4,28.529081
0.187529,4,28.535126
2.793961,40,28.570266
10.605849,4,28.574077
-24.520888,26,28.599983
4.186167,4,28.606562
4.03901,4,28.610823
7.122046,4,28.614964
-16.0,17,28.629199
1.238492,4,28.635237
3.974496,5,28.639742
1.861596,4,28.644002
-1.975045,4,28.648177
-14.0,14,28.664504
0.846094,4,28.668667
4.682246,4,28.672941
2.872478,5,28.676958
-26.0,26,28.702951
2.383784,4,28.706667
-100.0,100,28.795128
46.597504,4,28.799255
0.871936,4,28.805327
-51.0,51,28.852565
46.034783,4,28.855411
48.552675,4,28.857402
0.28776,4,28.859452
-99.550367,100,28.896788
9.859766,4,28.898913
5.223766,4,28.90607
4.186167,4,28.910733
-12.415158,20,28.931427
5.506735,4,28.935509
11.782447,4,28.939532
39.682362,4,28.943542
3.851521,4,28.948573
35.5951,4,28.952557
43.416124,4,28.956782
4.690884,4,28.961081
10.272705,4,28.965899
-4.901451,9,28.975436
41.919505,4,28.979468
4.362999,4,28.983595
30.977699,4,28.988132
0.871936,4,28.99223
34.784242,4,28.995924
-94.336071,100,29.083619
3.990125,4,29.089871
-17.0,17,29.104368
1.190271,4,29.108331
-2.753995,4,29.113784
-47.0,48,29.157981
7.61963,4,29.162002
48.552675,4,29.166043
17.237911,4,29.17002
-100.0,100,29.259679
35.5951,4,29.263803
-87.0,88,29.340829
0.696576,4,29.344899
36.624539,4,29.351086
46.034783,4,29.355147
-2.346174,4,29.358886
29.031406,4,29.362327
-9.484936,14,29.375789
9.466142,4,29.37975
-51.533858,65,29.438724
24.51253,4,29.442774
-43.557142,48,29.486897
-98.335696,100,29.577407
-100.0,100,29.664146
-4.015929,8,29.671549
-100.0,100,29.761525
-2.338919,4,29.765314
-13.0,13,29.776067
-2.51113,4,29.780737
35.409681,4,29.786786
-2.005528,7,29.79332
-16.0,16,29.809301
0.942924,4,29.813075
-74.322537,76,29.881083
-100.0,100,29.969059
-79.624164,89,30.045575
30.261428,4,30.049651
-99.0,100,30.140053
-38.0,38,30.173677
51.290936,5,30.181099
-20.0,20,30.198557
1.190271,4,30.204618
10.114708,4,30.208692
-80.0,80,30.279757
-25.813833,33,30.308169
-71.0,71,30.373351
7.645713,4,30.377425
-44.0,44,30.415779
40.914451,4,30.419807
44.593798,4,30.425666
-0.019225,4,30.429689
-24.044296,56,30.481243
0.521223,4,30.485304
7.61963,4,30.491311
-0.13081,4,30.496174
48.552675,4,30.500265
44.40965,4,30.504297
8.097385,4,30.510492
-2.866962,4,30.514334
17.433282,4,30.518341
48.423266,4,30.522344
33.818136,4,30.527999
-20.547781,23,30.54671
-98.350241,100,30.635651
31.193917,4,30.639692
-2.791008,4,30.645593
0.668803,5,30.652901
26.704618,4,30.656866
-8.0,8,30.664143
30.911006,4,30.669786
0.924581,4,30.673807
-35.308536,37,30.705701
14.58793,4,30.709843
-94.0,95,30.794389
-47.298145,49,30.837742
7.405938,4,30.841765
21.024356,4,30.845457
12.555452,4,30.851568
2.161361,4,30.855556
16.140498,4,30.859582
10.114708,4,30.863636
1.485966,4,30.869173
-29.322537,31,30.896717
-9.849898,12,30.907719
4.138413,4,30.911853
8.557332,4,30.917727
-10.31075,12,30.928816
-86.0,86,31.003047
-62.0,62,31.056723
41.919505,4,31.062668
-6.472025,20,31.080414
-54.0,54,31.126358
-12.0,12,31.137139
-1.626349,4,31.14323
-41.319597,42,31.180997
2.236736,4,31.185307
-99.596094,100,31.274024
-2.234904,4,31.280164
3.990125,4,31.284306
16.753853,4,31.288325
-45.596094,47,31.327449
20.861274,4,31.333319
-31.0,32,31.361043
32.191057,4,31.36513
24.651619,4,31.369094
-12.546556,13,31.384076
-0.162741,4,31.388219
7.61963,4,31.39221
36.577351,4,31.396191
-17.552783,32,31.425598
0.360192,4,31.429827
-2.55702,4,31.433815
-99.0,100,31.522089
-2.234904,4,31.528644
8.556426,4,31.532922
-9.748045,24,31.553584
-53.945061,58,31.60213
-1.731905,4,31.608116
2.356673,31,31.63599
11.417563,4,31.640006
32.191057,4,31.644206
-23.0,23,31.667597
25.517189,4,31.671581
25.517189,4,31.675556
-98.551743,100,31.762967
-4.148479,12,31.775894
6.294136,4,31.779902
-98.347807,100,31.865801
-0.162741,4,31.869902
3.851521,4,31.87631
53.403286,4,31.880447
4.682246,4,31.884694
-0.019225,4,31.888731
48.423266,4,31.894634
-88.301367,90,31.972659
-35.0,36,32.003888
1.789346,4,32.007911
-2.298145,4,32.014062
-98.286734,100,32.100928
14.415341,5,32.105456
5.741991,5,32.11124
-2.347807,4,32.117329
33.600965,4,32.121393
53.403286,4,32.125408
-22.572079,27,32.1484
1.765847,4,32.154527
-2.595794,4,32.158534
23.337109,4,32.162567
56.210949,4,32.16655
-2.597228,4,32.172199
-55.328756,56,32.221564
-92.784104,100,32.309273
-65.544988,66,32.368574
-88.0,89,32.447393
-40.0,40,32.482152
65.124929,4,32.486217
2.586973,4,32.489924
8.557332,4,32.496004
3.779258,5,32.501154
11.304452,4,32.505184
-80.0,80,32.574717
31.832531,4,32.580787
-100.0,100,32.668147
3.851521,4,32.672394
-100.0,100,32.759452
-34.061077,39,32.796071
55.564767,4,32.800083
-29.0,30,32.826936
1.241151,4,32.830935
-4.73701,16,32.846798
9.590637,4,32.850934
6.198616,4,32.854974
14.296601,4,32.858968
11.417563,4,32.864883
-11.153906,16,32.87895
4.186167,4,32.883065
-36.0,36,32.915335
0.534091,4,32.921268
33.2886,4,32.925276
2.428216,4,32.929252
-1.82777,4,32.933243
52.908954,4,32.939121
0.871936,4,32.943166
-100.0,100,33.031609
23.848947,4,33.035754
-50.837637,53,33.083093
14.360048,4,33.087163
-1.162741,5,33.09146
3.24045,5,33.095795
-31.83337,43,33.136457
3.990125,4,33.14058
0.360605,4,33.144639
12.639996,4,33.148654
-22.0,22,33.171374
7.034783,43,33.207447
-1.665763,4,33.211419
21.251146,4,33.21553
-7.335696,9,33.226798
0.924581,4,33.230803
-8.809148,14,33.242068
-17.0,17,33.256675
7.75195,4,33.262886
5.172112,4,33.266872
-100.0,100,33.354049
-19.299984,21,33.373862
-2.935718,12,33.387825
-99.0,100,33.474806
2.851521,5,33.480193
-100.0,100,33.518246
25.814753,4,33.520258
32.191057,4,33.522307
19.633149,4,33.524287
-100.0,100,33.561309
0.923016,4,33.568642
11.417563,4,33.574223
4.612056,22,33.596166
-0.075419,5,33.60056
10.894276,4,33.604717
4.165872,4,33.609867
-2.791008,4,33.614019
-100.0,100,33.713752
-100.0,100,33.80591
-12.593199,35,33.840311
-2.228446,4,33.844615
-41.0,41,33.881937
-85.748045,100,33.975167
13.228994,4,33.981513
6.44703,4,33.987175
-21.057585,29,34.013653
7.340835,4,34.017776
8.073045,4,34.023933
27.630172,4,34.028092
16.753853,4,34.032255
31.191057,5,34.038979
20.330368,4,34.045002
-51.160142,55,34.09374
-48.350241,50,34.139777
8.83462,4,34.143606
-99.0,100,34.236857
18.406801,4,34.241776
6.158724,5,34.246147
-99.595794,100,34.336407
16.571657,4,34.342633
-2.547781,4,34.346934
-78.732071,100,34.472309
-100.0,100,34.562623
-78.0,78,34.635946
-2.547781,4,34.640602
-64.0,64,34.700865
-2.547781,4,34.705007
16.714148,4,34.711382
4.259699,4,34.715649
9.319864,4,34.719655
33.682118,4,34.723849
57.358809,4,34.730004
-26.347854,28,34.756356
8.246941,4,34.760526
57.358809,4,34.764674
24.697739,4,34.770744
36.339488,4,34.775085
-88.0,88,34.858713
28.779983,4,34.862531
35.623945,4,34.869372
18.148815,4,34.873345
1.710564,4,34.877225
-15.76845,24,34.899556
-2.595794,4,34.905604
10.545289,4,34.909889
-52.335696,54,34.960747
-94.336071,100,35.058015
-16.597228,18,35.078822
51.060864,5,35.083555
33.2886,4,35.08798
7.405938,4,35.092238
0.546858,4,35.098336
38.544264,4,35.102571
-19.0,19,35.121509
7.500103,4,35.125785
-95.945061,100,35.222752
-2.626349,5,35.227679
21.358616,4,35.232232
-2.547781,4,35.236639
57.666179,4,35.243192
-54.318028,67,35.321519
4.12566,4,35.325884
-59.76845,68,35.392232
45.332621,4,35.398805
6.856978,4,35.403255
5.506735,4,35.40768
-98.350241,100,35.506475
49.252937,4,35.512815
-12.331197,18,35.529346
1.191058,4,35.533556
-42.0,42,35.572956
-100.0,100,35.663123
0.187529,4,35.667227
9.407744,4,35.67125
-89.576096,100,35.757517
3.563038,4,35.763623
-2.347807,4,35.767719
3.728201,4,35.771759
8.418975,4,35.77579
54.155435,4,35.781655
12.639996,4,35.785675
0.360192,4,35.789737
2.58931,10,35.797877
0.187529,4,35.803802
7.500103,4,35.80785
7.554379,4,35.811883
21.251146,4,35.815918
5.286719,4,35.821889
-80.579832,85,35.901917
-90.080164,100,35.990035
-10.945061,15,36.003753
-2.791008,4,36.012617
-0.584952,4,36.016809
47.45462,4,36.020819
12.683391,4,36.024843
39.164958,4,36.030752
12.639996,4,36.034771
-14.447232,53,36.080547
-100.0,100,36.168453
48.486433,4,36.174391
4.822357,4,36.17852
-36.0,37,36.212111
-100.0,100,36.303046
5.519117,4,36.309041
-21.321356,23,36.328115
-3.277196,4,36.331469
54.203051,4,36.335646
27.1463,4,36.341496
-0.162741,4,36.345384
20.03171,4,36.349642
29.164802,4,36.353664
39.164958,4,36.359704
1.710564,4,36.36374
-99.0,100,36.452118
17.833088,4,36.456185
38.024097,4,36.462187
1.710564,4,36.466238
-2.347807,4,36.470348
48.423266,4,36.474387
-4.0,4,36.479904
-98.31075,100,36.571078
54.203051,4,36.575153
4.138413,4,36.579283
55.431252,4,36.585215
-6.0,7,36.592093
0.88845,4,36.595903
4.58159,4,36.599682
22.987263,4,36.605586
57.358809,4,36.609408
-0.325369,4,36.61353
0.026476,4,36.617551
-53.472025,67,36.721602
-15.180763,21,36.739982
4.974496,4,36.744146
-99.0,99,36.834112
-2.336519,4,36.839497
6.856978,4,36.843565
0.360605,4,36.847626
-34.0,35,36.879544
4.779258,4,36.884682
0.515064,4,36.888383
-97.814,100,36.978266
-26.41069,39,37.013583
-9.336071,15,37.028728
1.593653,4,37.032553
27.679539,4,37.03663
4.564375,4,37.040714
39.164958,4,37.045464
3.990125,4,37.049625
52.494434,4,37.053836
1.668803,4,37.057893
4.138413,4,37.062788
4.155452,6,37.08885
-0.034704,4,37.092646
-2.568494,4,37.096402
-52.331197,58,37.147213
48.423266,4,37.151446
-2.065405,4,37.155566
33.818136,4,37.159611
-0.478777,5,37.164897
-13.0,13,37.178307
5.856978,5,37.182998
20.861274,4,37.187211
0.871936,4,37.19206
11.417563,4,37.196225
-43.227775,44,37.237933
4.65722,4,37.242018
0.360192,4,37.246924
-2.55702,4,37.250959
5.626116,4,37.255054
4.291611,4,37.259161
-13.336071,19,37.277501
-54.0,54,37.325018
58.57858,4,37.329074
21.846906,4,37.332879
7.554379,4,37.337641
2.428216,4,37.341661
4.710079,4,37.345738
-92.0,92,37.428262
0.521223,4,37.433141
20.330368,4,37.437249
54.155435,4,37.441298
-32.321356,34,37.473493
-14.0,14,37.505495
-0.162741,4,37.52798
8.411518,7,37.538702
-83.0,83,37.620925
-48.0,48,37.664592
14.692803,4,37.668731
22.987263,4,37.67255
-2.595794,4,37.676679
14.692803,4,37.681532
-5.0,5,37.685803
21.580262,4,37.689587
-64.0,64,37.747723
39.53265,4,37.752622
1.191058,4,37.756722
44.478785,4,37.760538
0.187529,4,37.764627
-0.162741,4,37.769516
-2.547781,4,37.773552
-7.0,7,37.780347
2.037111,4,37.784503
-55.246138,60,37.838346
3.915261,4,37.842389
50.890342,4,37.846467
4.690884,4,37.850453
-99.0,100,38.008744
-2.298609,4,38.012702
28.105581,4,38.016939
-28.105461,29,38.042071
-99.105461,100,38.129608
25.38305,4,38.13371
-12.849898,15,38.147821
21.358616,4,38.15202
-1.830826,4,38.156715
25.933457,4,38.160699
16.714148,4,38.165293
48.423266,4,38.169127
-100.0,100,38.266117
-50.0,50,38.312222
-17.0,18,38.32922
-44.275757,54,38.39001
-34.0,34,38.422576
14.588957,4,38.426638
14.360048,4,38.430761
-2.347807,4,38.434953
-100.0,100,38.527093
0.521223,4,38.531373
12.555452,4,38.535613
33.2886,4,38.539732
18.101274,4,38.544842
-1.419266,4,38.556469
60.517356,4,38.558482
42.990318,4,38.560498
8.603042,4,38.562443
-97.428574,100,38.599624
