#{"t_start": 1752554826.2449088, "env_id": "None"}
r,l,t
27.372929,5,0.030924
39.529328,5,0.063276
-2.876713,5,0.068326
-1.948164,5,0.094749
-100.0,100,0.224414
10.93581,9,0.234035
71.981627,5,0.239064
-14.0,14,0.251488
8.301022,5,0.25769
83.299511,5,0.262223
-57.0,57,0.312869
3.950364,5,0.317975
-100.0,100,0.406585
57.477613,5,0.412582
-2.381356,5,0.417089
6.69067,5,0.422463
59.929146,5,0.426946
-25.0,25,0.449979
22.813547,5,0.454591
-100.0,100,0.560853
32.207779,5,0.565235
12.82145,5,0.569833
36.527871,5,0.576251
1.272987,5,0.581693
56.754775,5,0.586286
10.628933,5,0.590809
-1.167466,5,0.596853
-80.687493,84,0.671111
-100.0,100,0.758289
-76.0,76,0.825612
-43.424674,52,0.871535
-1.907024,5,0.876996
-58.0,59,0.929123
-65.0,65,0.986611
73.716186,5,0.991196
-48.0,48,1.079297
-100.0,100,1.168343
-9.252482,10,1.178433
-50.393926,74,1.242716
-48.0,48,1.320914
-58.584733,59,1.375362
-100.0,100,1.466794
-51.0,51,1.512395
-99.0,100,1.602653
-70.0,70,1.668119
-100.0,100,1.757009
-32.0,32,1.787187
-6.0,6,1.794636
-66.354114,100,1.882029
5.647419,5,1.886627
5.711411,5,1.891449
-5.369525,38,1.927918
-29.0,29,1.954548
-91.0,91,2.037542
-68.549172,100,2.125922
-78.0,78,2.195866
3.127175,30,2.223649
-99.105461,100,2.319201
-13.877839,24,2.34197
-100.0,100,2.432733
-23.0,23,2.451699
10.077009,5,2.457897
-76.0,76,2.525233
24.75172,5,2.530496
-19.0,19,2.548113
-21.0,21,2.565746
52.403597,5,2.592441
-50.20971,54,2.641794
-3.894193,6,2.646262
-97.570306,100,2.733713
-63.881492,70,2.796824
-68.894193,71,2.858189
-51.0,51,2.903421
-15.293112,16,2.918622
-44.919537,46,2.959927
49.902678,5,2.965323
24.75172,5,2.969887
-39.9027,42,3.008835
-28.221002,39,3.041727
-90.567713,100,3.130741
-3.031939,27,3.154804
-67.0,67,3.215896
0.432287,10,3.224167
-100.0,100,3.313283
-96.147228,100,3.401878
10.628933,5,3.408035
-18.0,18,3.422952
-21.0,21,3.442758
32.543984,5,3.449061
-50.202733,56,3.498029
88.161091,5,3.50261
-98.919537,100,3.59588
-28.842822,31,3.622788
-26.0,26,3.644761
40.626475,5,3.649238
-13.0,13,3.663124
30.203344,9,3.670584
22.474312,16,3.68486
-89.0,90,3.761886
-21.0,21,3.783573
7.972301,5,3.788058
-39.429017,77,3.856165
59.929146,5,3.860664
31.557347,5,3.868217
-95.780604,100,3.956981
40.966404,5,3.962512
43.968926,5,3.985752
-20.939073,25,4.0097
-71.823763,83,4.082405
3.947748,5,4.086938
-80.0,80,4.157625
5.745907,5,4.164764
-75.0,75,4.231471
-99.279126,100,4.320814
-30.0,30,4.349102
-90.0,90,4.429564
-14.0,14,4.442844
-83.0,83,4.518361
15.210737,26,4.540159
24.908641,24,4.562017
-100.0,100,4.64957
-28.0,28,4.674472
-47.369525,80,4.743688
-100.0,100,4.796158
-100.0,100,4.833114
-100.0,100,4.870214
-100.0,100,4.907119
-100.0,100,4.944026
24.75172,5,4.957551
-63.0,63,5.012995
4.299086,5,5.020105
-24.0,24,5.04138
-100.0,100,5.129409
-100.0,100,5.216808
-60.0,60,5.268649
-96.677977,100,5.354314
-100.0,100,5.449378
-16.0,17,5.46381
68.30439,5,5.468355
-5.105461,6,5.474596
-67.369525,100,5.56649
60.347543,5,5.571196
-99.0,100,5.657758
-99.0,100,5.743654
-100.0,100,5.83239
23.496203,5,5.836947
55.567857,6,5.843148
-27.249507,28,5.868717
-5.0,5,5.875053
12.82145,5,5.879586
-99.328486,100,5.967134
-31.0,32,5.995183
80.330498,5,6.002751
-1.646723,5,6.009093
-29.0,29,6.034412
-67.746135,71,6.100496
-56.0,56,6.152233
-100.0,100,6.241061
84.870762,5,6.245853
-66.0,66,6.303084
-9.091265,10,6.315126
29.730578,5,6.319717
-44.325378,45,6.359465
26.144075,5,6.36566
18.768562,5,6.372216
8.563696,5,6.376776
6.690728,5,6.3815
-29.0,29,6.409601
1.950714,5,6.415727
8.786161,5,6.419979
51.246296,5,6.424468
6.943901,5,6.431159
-88.565461,100,6.52101
-59.737923,86,6.596743
-100.0,100,6.684304
14.61107,5,6.688305
37.651281,5,6.696686
77.209044,5,6.70134
5.367261,5,6.705841
-82.901556,87,6.781946
-99.0,100,6.871733
12.723428,5,6.876268
14.011408,5,6.880485
-22.479765,31,6.908125
-26.0,26,6.933675
-100.0,100,7.021357
5.387107,5,7.025998
40.631161,5,7.030529
-2.146534,5,7.037011
-96.681504,100,7.125864
98.295882,5,7.132531
6.308622,18,7.147725
39.965069,5,7.154357
51.576093,5,7.161142
-15.360077,64,7.217571
43.006576,31,7.244266
12.207707,5,7.252666
-16.0,16,7.266891
3.135555,5,7.271411
-17.0,17,7.286084
-26.479765,35,7.319163
62.157788,5,7.323661
7.388954,5,7.32831
-62.0,62,7.38934
35.382322,5,7.404669
-15.0,15,7.418482
-100.0,100,7.506651
3.135555,5,7.511155
-42.0,42,7.619686
43.687042,5,7.624149
43.687042,5,7.628606
-100.0,100,7.717718
3.324936,5,7.722585
-97.429451,100,7.81124
1.505156,5,7.817959
-81.0,81,7.890302
32.011703,24,7.912323
-29.800087,63,7.968801
-51.0,51,8.013516
1.898885,5,8.020195
-11.0,11,8.029315
44.993627,5,8.035775
-98.0,98,8.121801
3.428188,5,8.126345
11.284057,5,8.133638
-42.295979,43,8.171725
-44.325378,45,8.212685
-75.0,76,8.280717
35.423561,5,8.286208
12.660579,5,8.290473
-61.479765,70,8.35364
-90.0,90,8.432308
-28.0,28,8.458086
-66.0,66,8.517936
-100.0,100,8.606437
-55.027699,68,8.667037
-42.325378,43,8.704155
9.560144,5,8.710471
-2.140612,5,8.714926
37.942598,5,8.719534
31.939932,6,8.726931
-96.584974,100,8.815102
49.68957,6,8.820052
-47.0,47,8.861453
-45.0,46,8.902236
-100.0,100,8.990711
-82.727013,89,9.070867
-76.0,76,9.137298
-60.569573,67,9.196288
-69.202966,100,9.286736
-58.0,58,9.338613
4.184847,5,9.343095
-2.570392,5,9.34816
-12.105461,13,9.361482
10.628933,5,9.366052
24.452283,5,9.370632
4.004786,7,9.378011
-37.0,38,9.410016
-12.0,12,9.420663
-26.0,26,9.444927
-72.303839,77,9.515175
52.953333,24,9.536509
-1.64974,5,9.541119
-80.154266,100,9.582972
-81.940742,100,9.620533
28.804498,5,9.623032
-2.140612,5,9.625396
-1.921245,5,9.627707
-45.0,45,9.675733
13.603226,5,9.680991
1.585014,6,9.685508
3.428188,5,9.691891
-100.0,100,9.779492
-100.0,100,9.86812
54.623304,5,9.872671
32.315483,5,9.877234
9.594014,5,9.881489
-1.709936,5,9.890015
76.446293,5,9.894588
9.772881,5,9.89889
-98.919537,100,9.987414
-100.0,100,10.07704
59.32021,5,10.081699
66.502252,5,10.088058
-97.242231,100,10.177253
-50.303839,55,10.226819
-100.0,100,10.316204
88.499688,5,10.322679
88.161091,5,10.327178
6.608353,5,10.333885
10.628933,5,10.338394
51.723373,5,10.345042
59.031803,5,10.349733
7.972301,5,10.35621
72.322091,5,10.360757
-99.596094,100,10.448671
-100.0,100,10.537799
-22.091265,23,10.560943
-70.0,70,10.623464
-20.717624,28,10.64824
-96.236899,100,10.737758
-6.027699,19,10.75586
-9.0,9,10.765226
52.403597,5,10.76999
-95.0,95,10.853837
66.443125,5,10.860542
-0.90292,5,10.864713
3.55624,5,10.869688
-97.684096,100,10.958191
-94.769195,100,11.050297
-90.0,90,11.133836
-14.0,14,11.144913
-61.0,61,11.199836
-6.0,6,11.206557
-18.0,18,11.223482
55.259881,5,11.227967
-100.0,100,11.31642
40.678097,5,11.323075
-27.243407,28,11.348527
-16.329128,17,11.36273
68.421412,5,11.369026
14.177023,5,11.375538
7.690872,5,11.37944
-53.0,53,11.425012
-9.891852,25,11.448468
-100.0,100,11.536592
6.485567,5,11.541226
-98.570072,100,11.629508
38.486668,5,11.633862
-99.0,100,11.722921
-78.431176,89,11.80106
25.350517,5,11.807514
-1.709936,5,11.812037
43.687042,5,11.818788
-26.0,26,11.842385
47.952128,5,11.846875
-58.538309,67,11.905535
-100.0,100,11.994927
-64.0,64,12.050165
21.882866,5,12.054821
2.319948,5,12.059323
38.187862,5,12.065919
-91.649366,98,12.151832
49.009847,5,12.156323
-69.0,69,12.216483
12.660866,5,12.225132
3.428188,5,12.229734
-100.0,100,12.321675
-100.0,100,12.41047
43.687042,5,12.417181
21.804159,10,12.427189
-18.0,18,12.441915
-1.591504,5,12.446119
-21.0,21,12.467841
-72.548661,100,12.554295
44.797012,5,12.558868
64.44605,5,12.563344
69.234477,5,12.593297
4.711411,6,12.600263
86.692287,5,12.604766
-35.0,35,12.636756
-99.214732,100,12.726191
24.75172,5,12.730716
-60.842822,63,12.786048
7.424207,6,12.791087
-76.0,76,12.858824
-1.709936,5,12.865164
-100.0,100,12.955682
-98.354968,100,13.043143
40.298519,5,13.049847
-2.304924,11,13.059931
-11.0,12,13.070373
26.661563,5,13.074878
-10.043829,14,13.088189
5.690728,6,13.09498
-100.0,100,13.184013
-79.567374,81,13.254903
13.528475,5,13.261536
39.681708,5,13.267794
-27.3773,42,13.302475
-98.354968,100,13.38934
45.992473,5,13.395863
-59.0,60,13.449979
5.44698,5,13.456434
-1.709936,5,13.460977
24.223713,6,13.468153
11.223494,5,13.474555
-100.0,100,13.561503
-11.0,11,13.570205
-56.0,56,13.62154
-100.0,100,13.711755
55.259881,5,13.720715
-14.566994,28,13.74591
-94.630261,100,13.83558
-2.146534,5,13.840174
-4.566536,9,13.848093
-100.0,100,13.937009
0.211687,5,13.943506
-39.026811,50,13.987246
7.972301,5,13.991939
8.307598,6,13.998507
2.674992,6,14.004629
22.413515,23,14.025505
6.608353,5,14.030325
-99.0,100,14.120519
15.618656,5,14.12734
-41.214732,42,14.195583
29.65883,5,14.200133
9.772783,5,14.205686
-0.383176,5,14.221269
-1.591504,5,14.223738
50.250013,5,14.226171
-84.923984,100,14.263624
-99.596094,100,14.302374
-99.0,100,14.401102
31.543984,6,14.40772
-100.0,100,14.495334
73.302975,5,14.499884
-84.0,84,14.573283
-99.198827,100,14.669643
3.643129,5,14.680248
-22.076263,30,14.808491
12.333353,5,14.817928
-1.646723,5,14.822431
-68.0,68,14.882439
-100.0,100,14.972479
-3.195096,5,14.979499
27.971538,5,14.983693
-37.0,37,15.016096
-100.0,100,15.106623
-10.043829,14,15.120371
65.216804,5,15.124882
8.41544,5,15.129379
-100.0,100,15.216601
39.083014,5,15.221941
100.583182,5,15.229271
41.836112,5,15.233804
-100.0,100,15.320367
10.507139,5,15.325674
-38.0,38,15.360499
-84.214732,85,15.434331
-99.0,100,15.519785
-0.259942,5,15.52498
-51.0,52,15.570254
12.489111,5,15.574738
-100.0,100,15.661101
0.846863,5,15.668326
22.597455,5,15.672948
61.910798,5,15.677526
-99.095511,100,15.763478
-9.0,9,15.771714
49.008528,5,15.778076
8.427957,5,15.782306
-0.877742,6,15.786605
-51.20971,55,15.836463
10.430295,5,15.840986
-99.0,100,15.927358
26.791814,5,15.933059
10.821434,5,15.938269
-14.0,14,15.949663
-26.351514,34,15.980339
-11.0,11,15.990739
9.843556,10,15.999578
12.728525,5,16.004039
24.359576,6,16.010564
-2.468687,5,16.01466
20.005864,5,16.019796
-89.0,89,16.098637
20.005864,5,16.103132
3.55624,5,16.107745
-7.140816,8,16.116362
-39.235487,40,16.152312
-99.584733,100,16.239282
1.386441,6,16.245955
72.720496,5,16.251855
39.681708,5,16.256323
30.74606,5,16.260291
-5.0,6,16.266697
-100.0,100,16.355237
-98.908793,100,16.44246
-23.0,23,16.463105
-99.0,100,16.549525
-12.0,12,16.561076
-2.604475,5,16.565266
4.182565,5,16.56975
19.934052,5,16.574295
-41.684096,44,16.613121
43.687042,5,16.619388
-13.0,13,16.6307
-2.236107,6,16.635865
-99.214732,100,16.726002
10.628933,5,16.732316
62.157788,5,16.736783
17.116836,6,16.741698
-100.0,100,16.829301
3.55624,5,16.835756
5.46851,6,16.841372
25.969882,5,16.845542
-99.105461,100,16.933381
-96.140612,100,17.020925
1.528327,5,17.027294
-98.0,98,17.110184
-75.003486,100,17.197959
-14.0,14,17.210949
-45.771552,48,17.253583
-10.902367,38,17.285502
-80.0,80,17.354935
5.46851,6,17.361723
8.586632,6,17.365932
-3.244527,5,17.370059
-29.61934,32,17.39886
42.842341,5,17.405287
-65.0,65,17.460821
-15.141424,24,17.482028
66.502252,5,17.487221
-94.0,94,17.571017
-23.0,23,17.589723
-27.73,31,17.618488
5.46851,6,17.625865
-100.0,100,17.71245
-46.0,46,17.752425
-35.0,35,17.783406
24.888286,5,17.78877
57.128255,5,17.79302
-23.0,23,17.813776
-100.0,100,17.898975
-31.0,31,17.926845
-75.61934,78,17.993011
82.827862,6,17.999933
12.660866,5,18.004496
-21.0,21,18.022933
2.055014,25,18.04622
-100.0,100,18.133377
-1.687493,5,18.138297
-98.602352,100,18.227427
-86.566994,100,18.314456
12.660866,5,18.319103
-53.0,54,18.367177
6.737113,5,18.372552
-21.596094,22,18.390757
-10.0,10,18.40083
35.781614,5,18.405366
3.40585,5,18.410662
-28.0,28,18.435403
-30.198827,31,18.462981
-39.670642,43,18.501087
1.350634,5,18.506349
1.350634,5,18.511151
-96.140612,100,18.598217
54.48424,5,18.604593
-100.0,100,18.694268
-2.140612,5,18.698499
26.424961,5,18.702992
-83.694342,100,18.79103
-52.121513,69,18.851699
15.124863,5,18.858115
38.187862,5,18.872417
-95.939073,100,18.909464
-52.54073,100,18.946517
-96.681504,100,18.983774
-100.0,100,19.020534
-100.0,100,19.10967
3.972262,5,19.116022
19.996514,5,19.12155
-13.683724,16,19.135796
7.70936,27,19.162016
-91.844156,100,19.252781
-53.0,53,19.300059
-17.0,17,19.314695
-96.681504,100,19.40605
-14.0,14,19.41932
-86.97692,91,19.498861
52.477324,6,19.505512
-100.0,100,19.592041
53.662364,5,19.596359
61.506551,5,19.602635
14.740452,5,19.608962
39.681708,5,19.61445
26.072748,5,19.61889
32.37936,5,19.62525
-16.0,16,19.639194
56.431761,5,19.645184
-16.110169,24,19.666628
-10.0,10,19.676298
22.794786,5,19.680475
33.719313,5,19.686536
-5.596094,7,19.691521
-3.595794,5,19.699479
10.628933,5,19.70396
4.299086,5,19.70841
9.772783,5,19.712883
12.82145,5,19.721073
-97.683724,100,19.807729
21.437167,5,19.812132
-100.0,100,19.899065
19.996514,5,19.905604
-1.709936,5,19.910135
1.350634,5,19.916414
17.250544,5,19.921035
-66.0,67,19.980846
32.37936,5,19.985348
68.30439,5,19.989893
24.782475,5,19.99437
42.208424,5,20.002648
11.284057,5,20.007146
96.90435,5,20.011655
5.367261,5,20.01628
-43.0,43,20.057564
7.972301,5,20.062041
43.687042,5,20.068317
40.678097,5,20.072871
5.647419,5,20.080064
-38.0,38,20.114257
1.505156,5,20.118787
-99.0,100,20.205209
79.00864,5,20.211778
47.742551,5,20.216272
4.182565,5,20.222632
32.315483,5,20.227191
-1.646723,5,20.233729
-61.0,62,20.288769
-2.865355,5,20.293318
1.027731,5,20.297492
52.403597,5,20.303837
-13.0,13,20.316801
-2.236107,6,20.321983
39.928919,5,20.326435
-96.0,96,20.410922
41.918448,5,20.417248
14.55424,6,20.421563
12.82145,5,20.426076
64.295053,5,20.434728
5.026257,5,20.439586
33.719313,5,20.444115
-86.566994,100,20.530549
7.972301,5,20.536999
5.711411,5,20.543341
-86.940072,100,20.630356
-60.879161,67,20.687655
24.358862,5,20.695747
-20.0,20,20.713921
-40.566994,54,20.758868
-98.0,98,20.845405
-56.227775,57,20.897022
9.772783,5,20.901542
-19.97874,40,20.937963
-56.0,57,20.98839
-100.0,100,21.079562
-30.0,30,21.10735
-47.0,47,21.150127
44.089392,6,21.154788
-38.61934,41,21.191886
-14.0,14,21.205175
-45.0,45,21.243657
-99.595794,100,21.331497
62.157788,5,21.338203
11.077009,5,21.344885
76.949723,5,21.349467
-33.97692,38,21.382196
78.543701,5,21.390486
10.118494,5,21.394773
3.76879,5,21.39902
-99.140816,100,21.485128
3.635926,5,21.491887
13.528475,5,21.498421
-2.96967,6,21.503674
-3.487567,5,21.507942
-52.0,53,21.55889
-1.813844,5,21.563422
-100.0,100,21.652786
-78.877742,84,21.726383
-3.236107,7,21.735562
-2.188643,5,21.739851
55.487726,5,21.744027
-52.584974,56,21.793558
5.647419,5,21.799884
71.695375,5,21.806223
-43.0,43,21.842244
-79.596094,80,21.911959
42.774131,5,21.920282
-51.214732,52,21.966002
-16.681504,20,21.983374
17.686552,6,21.988263
32.315483,5,21.994757
-22.295979,23,22.015344
-32.140816,33,22.044245
11.223494,5,22.050604
-100.0,100,22.140187
40.603512,5,22.144691
-62.0,62,22.197533
48.976438,5,22.203834
-79.891551,82,22.276376
-100.0,100,22.36439
-5.0,5,22.368409
-45.0,46,22.409734
-3.865355,6,22.416482
-24.0,24,22.437377
5.711411,5,22.44371
39.193373,5,22.448187
8.044367,5,22.454623
28.519915,5,22.459188
-28.0,28,22.483258
19.996514,5,22.489542
2.19416,6,22.496034
-24.89909,26,22.519202
-68.596094,70,22.604945
73.302975,5,22.609676
1.701202,12,22.622658
-33.0,33,22.65246
4.690728,7,22.657687
-43.687502,47,22.69995
-26.0,26,22.725647
-100.0,100,22.815624
-1.64974,5,22.820257
-70.0,70,22.882661
-36.0,36,22.915023
22.66243,6,22.921931
32.810825,5,22.926427
84.265167,5,22.930896
-99.0,100,23.018215
61.910798,5,23.024583
-100.0,100,23.113319
-89.242194,100,23.199839
-2.159074,5,23.204987
40.678097,5,23.209567
-9.0,9,23.216783
20.380403,5,23.222862
2.962173,5,23.227961
40.872442,5,23.232442
-87.5221,100,23.320052
-31.475274,34,23.352402
-39.877742,45,23.392737
6.587262,5,23.3973
32.939932,5,23.401918
38.013037,6,23.408612
83.299511,5,23.413813
-92.351514,100,23.510071
1.528327,5,23.514603
1.528327,5,23.52086
-1.709936,5,23.526115
1.098655,5,23.530507
20.450045,5,23.588455
-94.877742,100,23.625951
65.500415,5,23.628391
-1.709936,5,23.630832
52.412112,5,23.633213
16.093068,5,23.645766
-100.0,100,23.735659
-100.0,100,23.824
10.541713,5,23.828568
26.178728,5,23.832855
-97.891773,100,23.923346
14.177023,5,23.930252
41.916308,5,23.9368
-38.87163,94,24.018517
-12.0,12,24.028592
-99.0,100,24.116931
-97.460429,100,24.20825
-54.235487,55,24.258317
-100.0,100,24.347764
3.463833,6,24.354423
-46.0,46,24.395113
-27.939073,32,24.424113
-42.898381,44,24.463555
-70.687493,74,24.530799
45.437821,5,24.537139
-52.898381,54,24.582987
31.575521,5,24.58724
-7.0,7,24.595681
57.723384,5,24.600164
-96.043829,100,24.688687
25.350517,5,24.69511
-61.235487,62,24.750335
-18.0,18,24.766951
-47.328756,48,24.809491
44.944526,5,24.813995
-30.0,30,24.841187
-36.649366,43,24.879687
43.639292,5,24.884298
8.466142,5,24.890576
26.38623,5,24.896974
-100.0,100,24.985342
28.24718,25,25.007511
-56.842822,59,25.058992
-50.0,50,25.103308
10.830782,5,25.108996
39.602729,5,25.113634
32.810825,5,25.118123
20.835629,5,25.12455
24.235526,5,25.131104
-99.105461,100,25.219375
2.788004,5,25.22363
11.077009,5,25.230347
-41.227775,42,25.268538
-97.418873,100,25.358051
45.565246,5,25.362474
43.823647,5,25.369037
-1.121215,5,25.373613
49.68957,6,25.382543
3.885566,5,25.387482
9.560144,5,25.394127
10.821434,5,25.400631
-1.121215,5,25.405259
34.541961,5,25.40981
9.486782,5,25.415897
-100.0,100,25.505314
-100.0,100,25.593643
-93.0,94,25.675846
11.074044,5,25.682679
-98.3279,100,25.773461
-2.144248,5,25.777723
6.737113,5,25.784016
8.069498,5,25.791655
-100.0,100,25.879478
-1.847711,5,25.883979
8.171029,5,25.888155
36.304502,5,25.896371
-9.475274,12,25.907295
1.350634,5,25.91184
34.726447,5,25.91633
14.400035,5,25.922361
-6.0,6,25.928587
-37.0,37,25.962121
83.374306,5,25.966853
-31.0,31,25.997185
57.71035,5,26.001348
4.182565,5,26.007891
19.934052,5,26.012493
-2.188643,5,26.018658
-22.274561,30,26.046497
34.735141,5,26.051031
9.772783,5,26.058023
71.981627,5,26.065081
12.16525,5,26.071835
-2.648884,5,26.076341
3.876904,5,26.080936
-100.0,100,26.176028
13.618032,5,26.180799
41.392982,5,26.187369
-0.357469,5,26.191868
40.603512,5,26.198641
-27.513869,32,26.228495
44.523488,6,26.235264
-1.727013,8,26.243129
39.872442,6,26.249952
8.748792,5,26.254683
-100.0,100,26.348896
44.176513,5,26.356304
-11.191463,17,26.374809
-16.18426,23,26.396518
-18.75967,26,26.4192
11.967485,5,26.423472
-48.0,48,26.468766
-100.0,100,26.558904
-1.709936,5,26.565449
-2.146534,5,26.570035
-2.236107,6,26.579307
-100.0,100,26.666684
31.971756,5,26.673118
0.637072,5,26.677621
-1.84719,5,26.684117
-65.0,65,26.741079
-1.591504,5,26.747436
67.722389,5,26.751954
12.936787,6,26.758517
-96.615538,100,26.847654
26.424961,5,26.85412
-1.687493,5,26.858623
0.637072,5,26.865047
-100.0,100,26.952674
-82.0,82,27.027905
43.687042,5,27.032426
-2.534925,5,27.03882
-10.891773,12,27.049564
13.807606,5,27.054046
-10.683724,13,27.066559
1.505156,5,27.073004
98.117519,5,27.077363
-98.891773,100,27.165454
-1.709936,5,27.170066
29.083195,5,27.178302
34.881181,6,27.182811
80.330498,5,27.187309
-7.146534,10,27.197785
-1.687493,5,27.204221
32.939932,5,27.208992
-82.891773,84,27.283327
7.563696,6,27.289953
-91.844156,100,27.380397
-20.121513,37,27.412055
-6.0,6,27.418897
-96.716865,100,27.507106
43.045297,5,27.513814
-17.0,18,27.52912
-100.0,100,27.619211
73.840888,5,27.6258
-41.0,42,27.664354
-1.687493,5,27.668937
3.324936,5,27.675305
-100.0,100,27.766677
-3.195096,5,27.773389
19.934052,5,27.777981
38.187862,5,27.782548
-98.892072,100,27.873811
36.56196,5,27.882508
-97.885776,100,27.972329
-100.0,100,28.062522
-1.709936,5,28.067217
-100.0,100,28.156652
2.40585,5,28.16095
41.836112,5,28.165471
3.972262,5,28.17176
-45.0,46,28.213524
39.928919,5,28.218068
36.083115,5,28.246797
24.235526,5,28.249304
-2.140612,5,28.251734
64.555672,5,28.254193
-100.0,100,28.291493
42.525367,5,28.302451
42.774131,5,28.30727
50.971686,5,28.312893
4.711411,6,28.319895
-45.0,45,28.358738
-22.73144,44,28.399173
-92.0,92,28.484011
-77.475274,80,28.55495
38.308929,5,28.559543
-16.227775,17,28.574765
-100.0,100,28.663849
-2.236107,6,28.670937
35.781614,5,28.675422
-100.0,100,28.763214
40.837944,5,28.769895
38.270902,5,28.776238
-3.195096,5,28.780407
-31.786336,43,28.818441
-100.0,100,28.908134
-1.858901,5,28.912419
28.804498,5,28.916935
27.106191,5,28.921163
35.881181,5,28.929395
-28.0,28,28.953714
1.505156,5,28.958224
-58.0,59,29.010016
-6.0,7,29.01688
4.967844,5,29.022933
51.527791,5,29.027452
19.886802,5,29.032015
1.75098,5,29.038308
-58.0,58,29.0904
48.652101,5,29.094886
-1.687493,5,29.099406
4.128129,5,29.107672
79.604506,5,29.112214
-47.0,48,29.154274
-87.374002,100,29.246612
-2.140612,5,29.253695
-100.0,100,29.340983
63.210536,5,29.345766
8.53632,5,29.352268
-12.0,12,29.365216
17.026087,5,29.369817
37.824825,5,29.374376
20.084688,5,29.378723
-100.0,100,29.46994
-29.0,29,29.496798
15.154955,5,29.501279
26.435159,5,29.506028
-2.63422,5,29.512463
7.648552,5,29.51891
2.40585,6,29.523672
-100.0,100,29.611594
29.544526,5,29.61813
3.876904,5,29.624455
-100.0,100,29.719214
49.68957,6,29.72496
3.838173,5,29.732282
-62.189621,89,29.819009
5.731579,6,29.823897
38.716578,5,29.829106
62.136268,5,29.837836
-1.923984,17,29.852715
-100.0,100,29.9434
64.555672,5,29.948098
61.53805,5,29.955019
-99.0,100,30.045252
47.952128,5,30.05197
-87.255168,100,30.146004
62.157788,5,30.152832
-100.0,100,30.241702
-28.0,28,30.267126
-75.0,75,30.334544
-100.0,100,30.424122
32.543984,5,30.428923
7.166588,5,30.433497
61.082468,5,30.438038
17.740562,5,30.446396
-100.0,100,30.535424
-99.0,100,30.625028
-0.677791,6,30.629802
5.367261,5,30.636448
-59.0,59,30.688777
-4.898381,6,30.695171
21.470212,5,30.699785
-2.205416,5,30.706268
-2.576434,5,30.710547
-99.0,100,30.798391
-13.0,13,30.81159
58.16182,5,30.818093
1.059075,5,30.822654
64.555672,5,30.827148
35.571257,5,30.833505
4.274676,5,30.839963
-32.677563,43,30.87784
-100.0,100,30.968609
23.612486,5,30.972922
3.876904,5,30.979689
-68.099709,72,31.043622
-73.0,73,31.109379
68.514647,5,31.115943
12.200438,6,31.123114
1.027731,5,31.127331
11.074044,5,31.133672
-100.0,100,31.220359
-18.0,18,31.237213
-1.858901,5,31.241676
8.628667,5,31.247986
-94.362928,100,31.335425
33.726447,6,31.342185
15.154955,5,31.346737
-65.462035,100,31.436281
-3.468687,6,31.442534
-89.242194,100,31.532587
-100.0,100,31.622355
-2.865355,5,31.626831
43.687042,5,31.631959
45.992473,5,31.640484
25.4239,5,31.645099
30.815746,5,31.649673
39.579895,5,31.654193
-49.0,49,31.700668
3.251484,5,31.705139
-83.0,83,31.778618
-99.105461,100,31.8657
49.370428,5,31.872156
-100.0,100,31.959416
11.999622,5,31.963741
-100.0,100,32.050346
33.584911,5,32.056952
-1.907024,5,32.063344
-13.422397,17,32.077886
18.51654,5,32.082441
-100.0,100,32.171045
-38.939073,43,32.209399
7.925509,5,32.214586
19.532596,5,32.219337
46.891592,5,32.228739
-99.0,100,32.315866
-10.105461,11,32.324239
-25.666911,37,32.357958
-100.0,100,32.449104
-59.198827,60,32.50415
29.70936,5,32.508378
61.53805,5,32.512866
37.090087,5,32.519353
48.918567,5,32.525991
-36.582326,39,32.559541
-1.687493,5,32.566062
75.587508,5,32.591143
-96.128708,100,32.679164
35.781614,5,32.683751
27.445754,5,32.688201
-0.441499,5,32.696546
-100.0,100,32.783043
-56.759192,58,32.834192
-1.128708,5,32.838666
11.117161,5,32.848584
11.586688,5,32.852783
-100.0,100,32.936627
-97.146534,100,32.973729
-100.0,100,33.010584
5.367261,5,33.01299
-2.140612,5,33.015362
33.306621,5,33.025551
-85.541442,88,33.104242
-93.716865,97,33.193264
-1.113013,5,33.197647
-72.665062,75,33.272216
64.295053,5,33.276704
1.350634,5,33.283856
-73.0,73,33.35009
-28.0,28,33.375729
-13.0,13,33.38734
15.15312,5,33.39436
-1.858901,5,33.398939
-1.847711,5,33.405312
-20.0,20,33.423554
2.245271,5,33.430163
63.867065,5,33.434722
9.386276,5,33.439215
19.396208,5,33.445642
12.920087,5,33.452046
-97.435195,100,33.542223
-58.0,58,33.592889
-86.0,87,33.671152
-16.298798,30,33.701632
79.643153,5,33.70631
-1.876245,5,33.710964
-99.596094,100,33.799114
41.252504,5,33.805939
64.923968,5,33.812521
8.208827,5,33.816896
-100.0,100,33.906862
-73.121513,90,33.988315
-100.0,100,34.077737
-98.0,98,34.164277
13.859726,5,34.169913
9.890489,5,34.176045
5.244516,5,34.182576
43.687042,5,34.187064
-57.687493,61,34.244084
-36.103855,46,34.292239
20.162938,5,34.296861
-93.401682,100,34.386699
54.057516,5,34.391264
5.711411,5,34.397982
-98.0,99,34.484446
55.545101,5,34.48903
11.211975,5,34.495512
-51.946319,59,34.548728
60.823877,5,34.555356
55.259881,5,34.559901
5.637419,5,34.564419
50.616613,5,34.571021
28.119859,5,34.577575
37.24718,16,34.592779
19.282597,5,34.597308
51.527791,5,34.603809
-1.121215,5,34.6084
35.56196,6,34.615047
52.412112,5,34.619586
39.928919,5,34.628188
23.58127,5,34.634883
-39.0,40,34.670175
35.361987,5,34.674406
55.468801,5,34.680983
1.272987,5,34.685552
58.058579,5,34.691435
22.044918,5,34.695789
-60.155215,88,34.776094
4.245464,36,34.808439
-57.541442,60,34.862859
-29.0,29,34.88862
-10.0,10,34.901129
9.399042,5,34.905795
40.263946,5,34.910562
35.810557,5,34.915262
33.398862,5,34.923687
-1.709936,5,34.928317
5.647419,5,34.932873
-22.0,22,34.953332
57.563218,5,34.959764
-99.0,100,35.048443
-22.0,22,35.067183
3.876904,5,35.074351
3.838173,5,35.083856
-100.0,100,35.175891
-0.940627,15,35.190172
0.907496,5,35.19473
31.46228,6,35.201461
48.680268,5,35.209593
59.735356,5,35.214213
-31.0,31,35.242313
-28.0,28,35.268894
41.836112,5,35.273505
-100.0,100,35.362459
48.976438,5,35.367116
4.098711,5,35.375272
45.523488,5,35.381728
-30.0,30,35.407542
-100.0,100,35.495227
-85.413368,100,35.586058
38.187862,5,35.590713
25.017918,5,35.596753
25.4239,5,35.601467
-1.709936,5,35.608078
46.698185,5,35.612362
-35.939073,40,35.649621
44.797012,5,35.656192
-90.286431,100,35.74979
-100.0,100,35.839708
-0.383176,5,35.844436
23.044031,5,35.848953
-100.0,100,35.943434
8.044367,5,35.94824
-0.90292,5,35.954274
-11.582326,14,35.966233
61.673427,6,35.975384
-99.0,100,36.068292
3.40585,5,36.073111
1.505156,5,36.077839
12.744988,5,36.084512
-2.146534,5,36.091268
-100.0,100,36.182386
0.272987,6,36.187535
-4.328756,5,36.193518
-6.842822,9,36.203309
73.620147,6,36.209839
26.349693,5,36.214308
19.923022,5,36.222918
5.647419,5,36.227514
10.507139,5,36.232177
-1.451627,5,36.236792
-46.75282,100,36.329177
-2.858901,6,36.335936
30.544162,5,36.340812
-1.709936,5,36.345672
-85.0,86,36.42786
23.888286,6,36.432847
-96.0,96,36.519326
0.222948,5,36.525618
19.926427,5,36.532532
7.429574,5,36.537087
-10.0,10,36.547205
-12.0,12,36.557508
-32.0,32,36.587821
55.545101,5,36.592538
0.317389,5,36.597138
11.481191,5,36.601662
9.628933,6,36.610301
32.537344,5,36.614895
-100.0,100,36.702951
-85.692402,100,36.79375
5.711411,5,36.800453
-97.582326,100,36.88881
-86.339191,88,36.967497
8.424207,5,36.97395
-24.0,24,36.997189
40.678097,5,37.001771
-19.0,19,37.019113
-60.0,61,37.072685
10.628933,5,37.079387
-90.49105,100,37.171489
-100.0,100,37.262253
-46.0,46,37.303283
-2.488918,5,37.309903
-2.865355,5,37.31441
48.624443,5,37.318883
-2.244527,5,37.325355
-18.40493,28,37.351564
-80.121513,97,37.436357
7.995451,5,37.440925
8.129513,5,37.444955
41.152336,5,37.45592
40.263946,5,37.460576
-100.0,100,37.548508
32.696911,5,37.554044
-26.0,26,37.579896
48.918567,5,37.584469
6.213664,5,37.588933
1.272987,5,37.593566
-2.451627,6,37.60232
8.295709,5,37.607074
-25.541442,28,37.632301
6.977793,5,37.636526
-4.027738,13,37.651661
8.626165,5,37.690023
-100.0,100,37.727156
40.678097,5,37.729644
8.53632,5,37.73206
10.628933,5,37.734529
