#{"t_start": 1752553486.35718, "env_id": "None"}
r,l,t
-57.760208,100,0.131287
-24.924287,81,0.204416
9.835921,4,0.208638
-100.0,100,0.295403
-56.159393,72,0.359886
-100.0,100,0.448213
-100.0,100,0.559196
42.075713,14,0.571145
-100.0,100,0.662535
53.075713,3,0.666149
52.338718,3,0.670569
53.075713,3,0.672284
53.075713,3,0.675839
-70.0,70,0.745611
-42.0,42,0.782928
-94.0,94,0.866764
0.360445,14,0.880671
-14.0,14,0.894288
-1.353333,3,0.896734
-100.0,100,0.985415
-13.0,13,0.998632
-9.639555,24,1.020147
-100.0,100,1.109615
-57.743092,100,1.198905
-86.639555,100,1.29194
-67.639555,81,1.367975
-100.0,100,1.459206
48.169571,3,1.462879
28.055718,3,1.464589
-15.760208,58,1.517511
24.180858,15,1.532326
-68.759393,100,1.619798
-57.743092,100,1.712043
-100.0,100,1.801043
-57.743092,100,1.89131
-100.0,100,1.980616
-84.159393,100,2.068531
11.360445,3,2.070463
11.360445,3,2.07497
-9.0,9,2.082396
11.360445,3,2.085835
-98.353333,100,2.173658
-99.0,99,2.265623
12.840607,3,2.269112
-60.819142,100,2.360112
20.236784,10,2.36806
38.607713,3,2.372575
-19.0,19,2.389681
-28.353333,30,2.415488
-84.159393,100,2.526428
-7.924287,64,2.58467
-98.353333,100,2.676006
11.360445,3,2.679888
11.360445,3,2.683586
11.360445,3,2.68636
-98.353333,100,2.77623
-100.0,100,2.866423
-2.0,3,2.869853
28.055718,3,2.874245
-100.0,100,2.96204
28.236784,3,2.966275
-68.0,68,3.027648
-72.159393,88,3.106007
-43.353333,45,3.145272
-100.0,100,3.234931
51.075713,5,3.239155
-78.0,78,3.31057
-32.0,32,3.339228
-25.763216,56,3.391012
-12.0,12,3.401744
-100.0,100,3.490687
19.055718,12,3.50171
-97.0,97,3.587993
-67.0,67,3.647419
11.360445,3,3.650084
-29.0,29,3.677907
48.075713,8,3.685403
-84.159393,100,3.777396
-100.0,100,3.865456
11.360445,3,3.867253
11.360445,3,3.870795
-9.0,9,3.878188
10.835921,3,3.882061
32.075713,24,3.90255
29.107274,3,3.908413
-99.0,100,3.993648
11.360445,3,3.997941
11.360445,3,3.999695
26.236784,4,4.003268
74.879319,3,4.008843
11.360445,3,4.013068
48.169571,3,4.01676
53.075713,3,4.01846
28.236784,3,4.022051
-14.830429,66,4.081249
53.075713,3,4.082926
48.169571,3,4.086369
28.055718,3,4.092182
39.256908,3,4.096122
48.169571,3,4.097814
-15.233868,100,4.184456
-43.353333,45,4.224542
-100.0,100,4.309836
36.180858,3,4.311236
-2.353333,5,4.317277
27.240607,4,4.321242
48.169571,3,4.323689
-57.743092,100,4.412612
-71.353333,73,4.478301
34.256908,8,4.485651
28.240607,3,4.488172
39.256908,3,4.491359
11.360445,3,4.494933
-17.353333,20,4.51213
56.645835,4,4.516457
-1.366916,3,4.519792
11.360445,3,4.521553
-43.924287,100,4.634457
-100.0,100,4.67179
48.169571,3,4.673388
-68.759393,100,4.710844
-99.0,100,4.748392
22.341046,3,4.75917
-34.0,34,4.790055
11.360445,3,4.791795
10.360445,4,4.795491
-69.0,69,4.857831
3.840607,12,4.869575
-34.353333,37,4.904065
-2.353333,4,4.908071
-19.0,19,4.925138
27.240607,4,4.930936
-12.159393,28,4.955662
11.360445,3,4.957437
-99.0,100,5.04421
-40.0,40,5.080446
11.360445,3,5.084169
11.360445,3,5.087761
-2.353333,4,5.091752
-43.0,43,5.131114
24.196366,3,5.132542
11.360445,3,5.136089
-17.0,17,5.150478
10.835921,3,5.155558
48.169571,3,5.159041
11.360445,3,5.162622
27.240607,4,5.166537
-3.0,3,5.169671
-36.0,36,5.200795
-55.159393,71,5.263287
11.360445,3,5.266834
-15.0,15,5.282541
-97.353333,100,5.368609
27.240607,4,5.372546
28.055718,3,5.374204
28.055718,3,5.379605
-48.830429,100,5.466733
11.360445,3,5.470311
-99.0,100,5.555963
27.240607,4,5.561984
-3.0,3,5.565275
40.645835,20,5.584146
56.645835,4,5.587994
-8.0,8,5.596778
29.107274,3,5.598512
-2.353333,4,5.602241
74.879319,3,5.60566
-15.830429,67,5.664448
27.240607,4,5.668373
-3.0,3,5.671682
11.360445,3,5.673432
27.240607,4,5.679302
10.360445,4,5.683099
53.075713,3,5.686526
11.360445,3,5.690058
-6.0,7,5.698539
-15.354165,76,5.773261
-2.353333,4,5.777256
11.360445,3,5.77901
11.360445,3,5.784558
11.360445,3,5.788095
29.075713,27,5.811923
27.240607,4,5.815814
28.055718,3,5.81933
-9.0,9,5.828753
44.645835,16,5.843359
80.235181,4,5.84701
48.169571,3,5.850559
56.645835,4,5.854429
28.055718,3,5.857857
28.055718,3,5.861303
22.341046,3,5.866312
38.607713,3,5.867988
22.341046,3,5.871131
53.075713,3,5.874584
28.055718,3,5.879854
-100.0,100,5.966633
-12.0,12,5.977141
11.360445,3,5.97892
38.607713,3,5.984095
10.835921,3,5.987417
16.256908,26,6.009631
-35.0,35,6.039995
-21.354165,82,6.113484
11.360445,3,6.115286
-24.0,25,6.138521
81.235181,3,6.140178
10.835921,3,6.145565
53.075713,3,6.148978
-2.353333,4,6.152697
74.879319,3,6.156138
-2.0,3,6.159622
53.075713,3,6.163053
-70.159393,86,6.237714
-99.0,100,6.324525
11.360445,3,6.328279
4.840607,11,6.338311
-10.0,10,6.347848
28.236784,3,6.349601
56.645835,4,6.355348
28.236784,3,6.358888
29.107274,3,6.362358
56.645835,4,6.365699
56.645835,4,6.371398
-7.0,7,6.378139
43.249658,3,6.379784
38.607713,3,6.38325
43.249658,3,6.388518
-1.353333,3,6.392062
74.879319,3,6.39373
-10.0,11,6.403826
51.766132,33,6.433364
-57.0,57,6.484185
81.235181,3,6.48589
43.249658,3,6.489312
10.360445,4,6.494949
-9.0,10,6.50482
11.360445,3,6.506591
11.360445,3,6.510119
-2.0,3,6.515381
48.169571,3,6.518833
53.075713,3,6.520529
22.341046,3,6.523818
28.236784,3,6.529221
-2.0,3,6.534393
-1.743092,44,6.57195
29.107274,3,6.573676
-18.0,19,6.59206
49.998319,3,6.595493
28.236784,3,6.599159
-30.0,30,6.62448
74.879319,3,6.629851
11.360445,3,6.633363
-85.0,86,6.706208
-34.759393,66,6.76587
-32.0,32,6.795217
-19.354165,80,6.863785
74.879319,3,6.865488
-32.750342,79,6.935061
-19.743092,62,6.990532
-84.639555,99,7.073979
9.256908,33,7.103821
48.169571,3,7.105507
-9.750342,56,7.156047
-47.0,47,7.196617
-8.639555,23,7.216785
-99.0,100,7.306516
-15.0,15,7.322201
-26.0,26,7.343438
-22.0,22,7.363786
-51.639555,66,7.419119
5.360445,9,7.428545
12.998319,40,7.465634
-14.354165,75,7.530076
48.998319,4,7.533711
10.360445,4,7.539734
-13.0,14,7.553853
-24.0,24,7.574016
10.360445,4,7.577973
9.341046,16,7.593771
-74.658954,100,7.679376
81.235181,3,7.681072
10.360445,4,7.684801
-42.658954,68,7.746656
-32.0,32,7.774192
-74.658954,100,7.861542
-36.0,36,7.892637
31.645835,29,7.921525
-25.0,25,7.943205
17.236784,13,7.954314
48.645835,12,7.964876
-69.763216,100,8.054546
46.645835,14,8.067761
-100.0,100,8.154069
28.107274,4,8.157816
-15.658954,41,8.195443
-19.0,20,8.212751
-74.658954,100,8.301898
-74.658954,100,8.387218
-78.0,79,8.45677
-47.001681,100,8.542504
-35.354165,96,8.624237
29.107274,3,8.625985
10.360445,4,8.631966
-100.0,100,8.717977
36.645835,24,8.738486
31.645835,29,8.764947
-74.658954,100,8.852837
-47.001681,100,8.972329
40.645835,20,8.989938
-19.0,20,9.037788
3.341046,23,9.05751
3.998319,49,9.103783
-100.0,100,9.203052
-10.0,10,9.210938
11.236784,19,9.228962
-100.0,100,9.355088
-69.763216,100,9.396388
-74.658954,100,9.435672
-74.658954,100,9.474684
-39.354165,100,9.514569
9.360445,5,9.522855
-10.658954,36,9.556103
-100.0,100,9.662839
-44.0,44,9.702038
37.645835,23,9.720797
10.835921,3,9.723899
-39.658954,65,9.810489
-56.0,56,9.861898
81.235181,3,9.865485
56.645835,4,9.869445
81.235181,3,9.872947
56.645835,4,9.877636
48.169571,3,9.880792
-100.0,100,10.017443
-2.0,3,10.0192
-2.0,3,10.02348
45.998319,7,10.030106
-30.658954,57,10.078555
9.360445,5,10.082669
10.360445,4,10.087368
47.645835,13,10.100135
-42.658954,69,10.159399
-13.658954,39,10.192784
57.645835,3,10.194957
-36.0,36,10.225969
10.341046,16,10.239952
-74.658954,100,10.330266
-99.0,100,10.418254
-24.0,24,10.440969
-96.0,96,10.523173
-39.354165,100,10.608754
-100.0,100,10.711658
48.169571,3,10.715143
81.235181,3,10.718565
48.169571,3,10.721989
29.107274,3,10.72445
-64.0,64,10.780529
10.360445,4,10.784513
-24.354165,85,10.858418
-79.0,79,10.927386
8.341046,18,10.945413
74.879319,3,10.948949
23.196366,4,10.952276
11.360445,3,10.954809
57.645835,3,10.972923
81.235181,3,10.976841
-5.0,5,10.980775
10.835921,3,10.984526
-4.0,4,10.988363
-100.0,100,11.072865
48.169571,3,11.076403
-100.0,100,11.164964
29.107274,3,11.166722
-1.353333,3,11.170263
-1.353333,3,11.173789
-39.354165,100,11.260097
10.360445,4,11.264293
30.998319,22,11.282089
28.240607,3,11.285665
11.360445,3,11.289903
29.107274,3,11.293341
-24.0,24,11.31407
11.360445,3,11.315791
57.645835,3,11.319877
-57.0,58,11.438915
43.503451,3,11.440645
10.835921,3,11.44427
43.503451,3,11.448579
11.360445,3,11.452127
-1.353333,3,11.453899
47.645835,13,11.466519
-43.0,44,11.505865
-88.0,89,11.585372
43.503451,3,11.588882
48.169571,3,11.590563
74.879319,3,11.59552
57.645835,3,11.598987
-10.0,11,11.609543
-87.0,88,11.702552
35.998319,17,11.717849
57.645835,3,11.721259
57.645835,3,11.722904
-73.0,74,11.785922
-10.0,10,11.794159
28.240607,3,11.79742
-99.0,100,11.885747
27.240607,4,11.889652
-5.0,5,11.894943
-12.0,13,11.90721
10.360445,4,11.91144
43.503451,3,11.913111
28.240607,3,11.917245
12.840607,3,11.920408
28.240607,3,11.923858
-39.354165,100,12.008841
11.360445,3,12.011376
23.645835,37,12.088681
48.169571,3,12.090389
11.360445,3,12.094054
48.169571,3,12.098382
-84.0,84,12.171421
29.107274,3,12.174907
57.645835,3,12.17654
23.341046,3,12.180781
-94.0,94,12.262311
11.360445,3,12.26404
-1.353333,3,12.267566
43.503451,3,12.271704
48.169571,3,12.275122
23.341046,3,12.276839
23.341046,3,12.280413
-1.353333,3,12.284595
-47.001681,100,12.372509
57.645835,3,12.376048
-43.0,44,12.423656
29.107274,3,12.426172
11.360445,3,12.429693
-100.0,100,12.540772
-1.353333,3,12.544394
48.169571,3,12.548712
74.879319,3,12.550162
57.645835,3,12.554579
28.107274,4,12.558356
11.360445,3,12.562708
11.360445,3,12.566298
-4.0,4,12.569823
-23.0,24,12.590762
-21.0,21,12.609267
29.107274,3,12.612792
57.645835,3,12.614479
29.107274,3,12.617982
23.341046,3,12.62218
-20.0,20,12.642625
-53.496549,100,12.728855
-100.0,100,12.816936
48.169571,3,12.821423
29.107274,3,12.823133
29.107274,3,12.826789
-8.0,9,12.834297
11.360445,3,12.838491
-38.0,38,12.871727
11.360445,3,12.873487
-40.0,41,12.909684
11.360445,3,12.912133
-2.0,3,12.915579
48.169571,3,12.919075
28.240607,3,12.922548
15.998319,37,12.954031
81.235181,3,12.957569
29.107274,3,12.959252
-9.0,9,12.969246
11.360445,3,12.971661
48.169571,3,12.97515
57.645835,3,12.978581
-99.0,100,13.064327
11.360445,3,13.068604
11.360445,3,13.070394
-7.0,7,13.076608
57.645835,3,13.080031
11.360445,3,13.084198
81.235181,3,13.085881
57.645835,3,13.089296
27.236784,3,13.092381
-1.353333,3,13.096562
57.645835,3,13.09824
57.645835,3,13.101656
81.235181,3,13.10506
-99.0,100,13.191367
37.645835,23,13.211676
48.169571,3,13.213353
81.235181,3,13.216782
57.645835,3,13.220992
57.645835,3,13.224483
11.360445,3,13.226304
-1.353333,3,13.229908
48.169571,3,13.235617
81.235181,3,13.239411
29.107274,3,13.24111
-47.001681,100,13.329614
29.107274,3,13.334059
11.360445,3,13.337952
43.503451,3,13.341489
-1.353333,4,13.345597
28.107274,4,13.349919
29.107274,3,13.351585
47.998319,5,13.358669
43.503451,3,13.360411
57.645835,3,13.364664
57.645835,3,13.368428
57.645835,3,13.371857
11.360445,3,13.373607
57.645835,3,13.377716
43.998319,9,13.385169
28.240607,3,13.38863
-100.0,100,13.473831
11.360445,3,13.478391
11.360445,3,13.481919
23.475192,3,13.483552
23.341046,3,13.487078
49.998319,3,13.491145
23.475192,3,13.494641
23.475192,3,13.496283
23.341046,3,13.499784
22.341046,4,13.505992
49.058907,3,13.509426
49.998319,3,13.512794
29.107274,3,13.514493
-10.0,10,13.524689
-50.0,51,13.569477
43.503451,3,13.571173
49.998319,3,13.574986
-30.0,30,13.602391
-23.353333,24,13.623097
-34.0,34,13.654876
53.075713,3,13.659196
-23.0,23,13.681027
74.879319,3,13.682743
11.360445,3,13.686332
-100.0,100,13.837554
57.645835,3,13.841967
23.341046,3,13.845463
48.169571,3,13.847111
28.240607,3,13.85056
23.341046,3,13.854805
11.360445,3,13.858289
81.235181,3,13.859912
57.645835,3,13.863396
57.645835,3,13.867682
-1.353333,4,13.871737
-100.0,100,13.958369
-99.0,100,14.046839
11.360445,3,14.051184
21.341046,5,14.055197
43.503451,3,14.058694
29.107274,3,14.060339
10.835921,3,14.064181
27.236784,3,14.067468
-2.0,3,14.07093
-1.353333,4,14.075145
-100.0,100,14.163725
-43.0,44,14.201864
27.236784,3,14.203222
27.236784,3,14.206399
29.107274,3,14.210589
23.475192,3,14.214053
43.503451,3,14.215477
57.645835,3,14.218938
43.249658,3,14.223114
49.998319,3,14.226615
-79.0,79,14.348308
-17.0,17,14.365861
11.360445,3,14.36849
11.360445,3,14.412248
-100.0,100,14.449487
-99.0,100,14.486357
49.998319,3,14.48786
23.475192,3,14.489387
43.249658,3,14.499671
23.341046,3,14.503307
-10.0,11,14.51929
-64.0,64,14.575955
48.169571,3,14.57763
81.235181,3,14.581066
11.360445,3,14.584651
49.998319,3,14.589025
73.766132,11,14.596794
57.645835,3,14.600295
-1.353333,3,14.603848
39.256908,3,14.608902
11.360445,3,14.61044
-9.0,9,14.619324
23.341046,3,14.621038
27.240607,4,14.626623
23.475192,3,14.63006
11.360445,3,14.633643
11.360445,3,14.637203
23.341046,3,14.640778
53.075713,3,14.644247
28.240607,3,14.649382
-37.0,38,14.681144
26.180858,13,14.696814
57.645835,3,14.698493
57.645835,3,14.70209
23.341046,3,14.70557
56.766132,28,14.731845
53.075713,3,14.735387
81.235181,3,14.737012
-61.0,61,14.812251
23.341046,3,14.815136
22.828525,3,14.818655
11.360445,3,14.822237
-2.0,3,14.825688
35.180858,4,14.830007
23.341046,3,14.831732
53.075713,3,14.835351
23.341046,3,14.840389
48.169571,3,14.844745
23.475192,3,14.846621
28.240607,3,14.850128
43.503451,3,14.853648
57.645835,3,14.85794
57.645835,3,14.859615
11.360445,3,14.863167
29.107274,3,14.866621
-28.353333,31,14.895073
23.475192,3,14.896675
-2.0,3,14.90043
-1.353333,3,14.903934
43.503451,3,14.908367
29.107274,3,14.910086
23.341046,3,14.913582
11.360445,3,14.91723
11.360445,3,14.921688
23.475192,3,14.92331
57.645835,3,14.927993
23.475192,3,14.931395
-34.0,35,14.963495
28.240607,3,14.965176
-1.353333,4,14.969291
53.075713,3,14.972659
53.075713,3,14.976719
57.645835,3,14.980342
38.607713,3,14.982048
-68.0,69,15.077562
74.879319,3,15.08015
52.075713,4,15.083995
53.075713,3,15.087851
29.107274,3,15.094286
53.075713,3,15.098958
-99.0,100,15.191651
-1.353333,3,15.193464
29.107274,3,15.196893
57.645835,3,15.201346
11.360445,3,15.204938
74.879319,3,15.206797
22.341046,3,15.210025
48.169571,3,15.214123
57.645835,3,15.21752
7.180858,32,15.246648
29.107274,3,15.24833
-2.0,3,15.252433
53.075713,3,15.255948
11.360445,3,15.259455
-2.0,3,15.261089
-1.353333,3,15.265419
38.607713,3,15.268899
11.360445,3,15.272403
11.360445,3,15.274155
57.645835,3,15.278265
48.169571,3,15.281673
48.169571,3,15.285046
74.879319,3,15.286715
28.236784,3,15.290896
48.169571,3,15.294498
8.840607,7,15.301298
48.169571,3,15.302944
11.360445,3,15.307133
11.360445,3,15.310631
57.645835,3,15.314028
48.169571,3,15.315655
-5.0,6,15.322503
74.766132,10,15.331365
23.475192,3,15.335955
29.107274,3,15.340597
29.107274,3,15.345468
29.107274,3,15.347156
74.879319,3,15.350636
22.341046,3,15.353858
23.475192,3,15.357985
57.645835,3,15.359613
81.235181,3,15.363077
11.360445,3,15.366677
-10.354165,71,15.431116
48.169571,3,15.432768
-15.233868,100,15.521791
11.360445,3,15.525361
53.075713,3,15.52982
-3.0,4,15.533504
29.107274,3,15.536919
57.645835,3,15.538585
48.169571,3,15.542835
-69.0,70,15.605898
23.475192,4,15.610284
57.645835,3,15.61191
11.360445,3,15.616256
5.240607,26,15.639177
53.075713,3,15.640796
57.645835,3,15.644241
57.645835,3,15.6484
57.645835,3,15.651817
11.360445,3,15.653568
11.360445,3,15.657033
74.879319,3,15.661137
29.107274,3,15.664769
28.240607,3,15.667863
38.607713,3,15.671314
-15.233868,100,15.764322
48.169571,3,15.767846
57.645835,3,15.771443
23.475192,3,15.773055
74.879319,3,15.777312
64.766132,20,15.795215
23.475192,3,15.799554
48.169571,3,15.806915
-2.353333,4,15.811518
57.645835,3,15.813184
28.240607,3,15.81663
-1.353333,4,15.820717
22.075713,34,15.85205
10.360445,4,15.855765
57.645835,3,15.857423
57.645835,3,15.860841
23.341046,3,15.86488
22.766132,62,15.916197
28.236784,3,15.920039
11.360445,3,15.923572
12.840607,3,15.927552
74.879319,3,15.929301
-15.233868,100,16.034742
11.360445,3,16.038331
28.240607,3,16.042607
48.169571,3,16.046078
-43.924287,100,16.13149
27.236784,3,16.132881
63.766132,21,16.550337
57.645835,3,16.55204
-4.159393,20,16.573573
28.236784,3,16.57684
29.107274,3,16.582432
23.475192,3,16.588191
48.169571,3,16.589872
9.360445,5,16.598505
23.475192,3,16.600775
11.360445,3,16.604304
48.169571,3,16.607756
28.236784,3,16.61132
57.645835,3,16.613623
48.169571,3,16.616794
57.645835,3,16.640483
48.169571,3,16.644257
-1.353333,3,16.647071
11.360445,3,16.650931
27.236784,3,16.65412
29.107274,3,16.657569
42.075713,14,16.669004
-11.353333,14,16.682385
-1.353333,3,16.684105
27.236784,3,16.687352
-1.353333,3,16.692168
48.169571,3,16.695796
57.645835,3,16.697451
29.107274,3,16.700871
48.169571,3,16.704724
57.766132,27,16.728488
23.475192,3,16.730177
81.235181,3,16.733587
28.240607,3,16.737811
10.360445,4,16.741517
74.879319,3,16.744992
48.169571,3,16.746695
48.169571,3,16.751009
57.645835,3,16.754646
12.075713,44,16.792739
28.240607,3,16.796197
57.645835,3,16.798604
28.240607,3,16.802054
56.645835,4,16.805628
57.645835,3,16.809014
28.240607,3,16.813104
57.645835,3,16.81486
29.107274,3,16.818409
-1.353333,4,16.822583
81.235181,3,16.826691
48.169571,3,16.83011
38.607713,3,16.831787
-1.353333,4,16.835903
23.475192,3,16.839975
73.879319,4,16.843907
11.360445,3,16.847492
56.645835,4,16.851274
23.475192,3,16.855436
0.998319,52,16.902703
11.360445,3,16.904764
48.169571,3,16.908727
57.645835,3,16.913368
48.169571,3,16.917061
10.360445,4,16.921234
23.475192,3,16.92309
48.169571,3,16.932756
22.766132,62,16.999502
57.645835,3,17.001405
-1.353333,3,17.005142
48.169571,3,17.009761
28.236784,3,17.013287
11.360445,3,17.01527
28.240607,3,17.019169
11.360445,3,17.023851
-15.233868,100,17.117459
48.169571,3,17.121286
48.169571,3,17.123107
28.236784,3,17.127865
57.645835,3,17.13159
22.341046,3,17.135091
-1.353333,4,17.139644
48.169571,3,17.142278
48.169571,3,17.146183
-15.233868,100,17.235615
-15.233868,100,17.324564
48.169571,3,17.329112
11.360445,3,17.332858
23.475192,3,17.334584
-1.353333,3,17.33827
81.235181,3,17.342411
28.236784,3,17.350763
74.879319,3,17.352442
11.360445,3,17.356133
29.107274,3,17.360491
-1.353333,3,17.364609
11.360445,3,17.366485
22.341046,3,17.369708
38.256908,4,17.373819
11.360445,3,17.377369
23.475192,3,17.380733
38.607713,3,17.382451
57.645835,3,17.386758
57.645835,3,17.390393
27.236784,4,17.394277
48.169571,3,17.398153
22.341046,3,17.400175
57.645835,3,17.403718
48.169571,3,17.407342
21.645835,39,17.441802
74.879319,3,17.444175
23.475192,3,17.448629
48.169571,3,17.45206
-30.924287,87,17.527638
48.169571,3,17.530207
57.645835,3,17.533717
-1.353333,3,17.537385
12.840607,3,17.540595
-97.353333,100,17.632303
-1.353333,4,17.636533
22.341046,3,17.637945
11.360445,3,17.641536
23.475192,4,17.646363
-1.353333,4,17.650896
11.360445,3,17.654916
11.360445,3,17.658826
48.169571,3,17.661391
-1.353333,4,17.665819
29.107274,3,17.671185
27.236784,3,17.674694
74.879319,3,17.679319
29.107274,3,17.681108
57.645835,3,17.68511
27.236784,4,17.688888
28.240607,3,17.693018
-14.159393,30,17.718515
11.360445,3,17.72213
-15.0,15,17.736013
11.360445,3,17.740436
-1.353333,4,17.744591
57.645835,3,17.74631
29.107274,3,17.749872
-1.353333,4,17.755656
48.169571,3,17.759131
48.169571,3,17.762567
11.360445,3,17.764282
48.169571,3,17.768492
28.236784,3,17.772007
38.607713,3,17.775577
-1.353333,4,17.779624
57.645835,3,17.781944
28.236784,3,17.785552
-43.924287,100,17.872078
11.360445,3,17.875852
28.236784,3,17.880132
-16.0,16,17.894153
48.169571,3,17.895778
48.169571,3,17.899198
57.645835,3,17.905014
29.107274,3,17.910586
11.360445,3,17.912328
11.360445,3,17.915845
23.475192,4,17.920499
-43.924287,100,18.005266
62.009383,3,18.008476
57.645835,3,18.011894
11.360445,3,18.014567
-1.353333,4,18.018626
29.075713,27,18.042006
-1.353333,3,18.046832
48.169571,3,18.050941
-16.924287,73,18.113315
57.645835,3,18.116839
-6.233868,91,18.194053
38.607713,3,18.198427
81.235181,3,18.202155
57.645835,3,18.205585
29.107274,3,18.207322
57.645835,3,18.211466
-1.353333,3,18.217331
51.075713,5,18.221435
11.360445,3,18.225141
28.236784,3,18.229465
81.235181,3,18.231109
57.645835,3,18.234586
48.169571,3,18.238094
11.360445,3,18.242704
57.645835,3,18.244433
28.236784,3,18.248296
28.236784,3,18.25225
48.169571,3,18.256912
48.169571,3,18.258579
47.169571,4,18.26231
48.169571,3,18.266052
48.169571,3,18.270492
48.169571,3,18.274212
11.360445,3,18.276139
11.360445,3,18.279998
48.169571,3,18.284609
28.236784,3,18.288318
57.645835,3,18.290146
48.169571,3,18.293988
11.360445,3,18.298548
81.235181,3,18.302278
57.645835,3,18.304078
74.879319,3,18.307856
72.879319,5,18.312698
48.169571,3,18.31658
11.360445,3,18.320425
-1.353333,3,18.324269
29.107274,3,18.32681
23.475192,4,18.330871
48.169571,3,18.334292
12.840607,3,18.337419
11.360445,3,18.341569
-2.0,3,18.343038
38.607713,3,18.347019
48.169571,3,18.350579
28.236784,3,18.354839
39.256908,3,18.356285
23.475192,3,18.360058
81.235181,3,18.363869
48.169571,3,18.368455
57.645835,3,18.370409
74.879319,3,18.374276
-1.353333,3,18.378131
22.341046,3,18.382137
11.360445,3,18.384044
7.075713,49,18.431823
48.169571,3,18.433608
57.645835,3,18.438121
23.475192,3,18.441924
28.107274,4,18.44596
-1.353333,3,18.449815
28.240607,3,18.452365
74.879319,3,18.456166
48.169571,3,18.45982
11.360445,3,18.463478
48.169571,3,18.465895
48.169571,3,18.469356
11.360445,3,18.472978
73.879319,4,18.476727
11.360445,3,18.480887
57.645835,3,18.482548
57.645835,3,18.48599
38.607713,3,18.489432
11.360445,3,18.493583
-50.353333,53,18.539496
11.360445,3,18.543156
11.360445,3,18.544916
28.240607,3,18.549242
22.828525,3,18.552364
-1.353333,3,18.556067
36.180858,3,18.557487
10.360445,4,18.56218
53.075713,3,18.565673
11.360445,3,18.569504
11.360445,3,18.573741
28.240607,3,18.576342
11.360445,3,18.580291
57.645835,3,18.58398
11.360445,3,18.587612
23.475192,3,18.590168
23.475192,4,18.594489
-1.353333,3,18.598262
-98.353333,100,18.690678
11.360445,3,18.69516
48.169571,3,18.698591
-5.353333,8,18.706828
-1.353333,3,18.708567
29.107274,3,18.712696
48.169571,3,18.717362
10.360445,4,18.721422
11.360445,3,18.725283
22.341046,3,18.72748
-15.233868,100,18.820143
57.645835,3,18.824044
47.169571,4,18.827904
74.879319,3,18.832368
-1.353333,3,18.836075
57.645835,3,18.837931
11.360445,3,18.841786
11.360445,3,18.84644
10.360445,4,18.850615
81.235181,3,18.857466
-15.233868,100,18.945713
57.645835,3,18.948298
33.075713,23,18.968523
29.107274,3,18.972255
27.236784,3,18.975664
74.879319,3,18.978071
11.360445,3,18.981874
29.107274,3,18.985458
-45.353333,48,19.028121
27.236784,3,19.032103
5.828525,20,19.049906
38.607713,3,19.051655
29.107274,3,19.055214
81.235181,3,19.059475
28.107274,4,19.063229
11.360445,3,19.066968
11.360445,3,19.068724
28.236784,3,19.072999
29.107274,3,19.076536
48.169571,3,19.080041
57.645835,3,19.081749
38.607713,3,19.086028
81.766132,3,19.092302
11.360445,3,19.096367
38.607713,3,19.098113
28.240607,3,19.102363
11.360445,3,19.106269
9.075713,47,19.14736
53.075713,3,19.148759
48.169571,3,19.152856
-1.353333,4,19.157069
-1.353333,4,19.161129
22.828525,3,19.164616
48.169571,3,19.168866
-8.233868,93,19.253027
-27.924287,84,19.328045
28.236784,3,19.331681
-1.353333,3,19.334351
11.360445,3,19.337954
29.107274,3,19.341447
49.075713,7,19.348228
29.107274,3,19.350599
-15.233868,100,19.436184
57.645835,3,19.439677
11.360445,3,19.443202
11.360445,3,19.447324
11.360445,3,19.44905
29.107274,3,19.452507
-3.0,3,19.455688
2.828525,23,19.478308
27.236784,3,19.479645
-100.0,100,19.564611
48.169571,3,19.568041
80.235181,4,19.572337
10.075713,46,19.613281
22.828525,3,19.614859
36.180858,3,19.617996
57.645835,3,19.622081
38.607713,3,19.62551
81.235181,3,19.62715
28.236784,3,19.630681
28.240607,3,19.634809
28.240607,3,19.638327
28.240607,3,19.639992
48.169571,3,19.643404
39.256908,3,19.647191
7.828525,18,19.661315
-67.0,67,19.719696
28.240607,3,19.723659
-1.353333,3,19.72827
5.828525,20,19.74743
1.828525,24,19.770653
48.169571,3,19.79113
57.645835,3,19.792662
-98.353333,100,19.832335
48.169571,3,19.834092
-57.743092,100,19.874181
21.341046,4,19.883965
-25.759393,57,19.935327
48.075713,8,19.942366
74.879319,3,19.944042
74.879319,3,19.947465
-39.924287,96,20.03255
48.169571,3,20.036054
-10.924287,67,20.095425
48.169571,3,20.097124
28.236784,3,20.102872
27.236784,3,20.106065
-43.924287,100,20.193523
48.169571,3,20.197121
11.360445,3,20.20086
28.236784,3,20.204507
22.828525,3,20.207889
29.107274,3,20.21147
11.360445,3,20.215147
81.766132,3,20.218829
48.169571,3,20.222344
11.360445,3,20.226576
29.107274,3,20.230174
57.645835,3,20.233744
47.169571,4,20.237452
57.645835,3,20.240932
36.180858,3,20.246032
29.107274,3,20.247744
48.169571,3,20.251271
81.766132,3,20.25482
-45.0,46,20.296538
74.879319,3,20.300048
-62.171475,88,20.375864
11.360445,3,20.379385
10.360445,4,20.385827
81.766132,3,20.389205
81.766132,3,20.390825
28.236784,3,20.39431
48.169571,3,20.399616
28.236784,3,20.403155
38.607713,3,20.404853
-1.353333,3,20.408391
48.169571,3,20.41393
29.107274,3,20.417466
38.607713,3,20.419194
11.360445,3,20.4228
81.766132,3,20.428322
81.766132,3,20.431765
11.360445,3,20.433532
11.360445,3,20.437074
48.169571,3,20.442568
-39.354165,100,20.531278
11.360445,3,20.535069
-100.0,100,20.626328
27.236784,3,20.629678
-71.0,71,20.690857
-49.0,50,20.734164
-1.353333,3,20.735873
-12.0,13,20.750109
29.107274,3,20.751769
11.360445,3,20.755416
-78.0,79,20.822682
38.607713,3,20.828114
57.645835,3,20.829778
11.360445,3,20.833264
74.879319,3,20.836717
11.360445,3,20.842151
74.879319,3,20.843779
48.169571,3,20.847174
57.645835,3,20.878541
0.828525,25,20.902425
-23.0,23,20.924143
-43.924287,100,21.020389
48.169571,3,21.024113
53.075713,3,21.027786
27.409051,3,21.03101
74.879319,3,21.034197
47.169571,4,21.038416
81.766132,3,21.044266
-21.0,22,21.063775
57.645835,3,21.067596
48.169571,3,21.071224
28.236784,3,21.075066
29.107274,3,21.078782
-46.0,47,21.123537
48.169571,3,21.127301
48.169571,3,21.130926
48.169571,3,21.134778
57.645835,3,21.138281
38.607713,3,21.142081
57.645835,3,21.145831
48.169571,3,21.149504
81.766132,3,21.153259
-34.0,35,21.186146
38.607713,3,21.190036
81.766132,3,21.193719
57.645835,3,21.197362
81.766132,3,21.202215
11.360445,3,21.205875
57.645835,3,21.209542
28.236784,3,21.213301
48.169571,3,21.216947
28.240607,3,21.220704
29.107274,3,21.224175
81.766132,3,21.227755
57.645835,3,21.231535
29.107274,3,21.235379
48.169571,3,21.23915
29.107274,3,21.242859
57.645835,3,21.246643
28.240607,3,21.250501
11.360445,3,21.254274
48.169571,3,21.258098
-1.353333,3,21.261923
57.645835,3,21.265721
39.239792,3,21.26912
81.766132,3,21.27271
57.645835,3,21.276454
-46.0,46,21.320323
-43.924287,100,21.412656
57.645835,3,21.416371
-9.171475,35,21.451197
28.240607,3,21.455111
22.341046,3,21.458715
11.360445,3,21.462569
-1.353333,3,21.466481
28.236784,3,21.470298
-100.0,100,21.56295
-1.353333,3,21.567106
-9.0,10,21.577701
38.607713,3,21.581644
11.360445,3,21.585579
48.169571,3,21.589329
38.607713,3,21.593009
8.075713,48,21.649539
23.341046,3,21.651058
11.360445,3,21.655011
81.766132,3,21.658778
81.235181,3,21.664617
11.360445,3,21.666568
-18.743092,61,21.723171
-99.0,100,21.812751
-23.0,24,21.835752
29.107274,3,21.837189
38.607713,3,21.840685
57.645835,3,21.844204
28.240607,3,21.849971
12.828525,13,21.861391
81.235181,3,21.864861
10.360445,4,21.868541
74.879319,3,21.872283
11.360445,3,21.875798
11.360445,3,21.879304
29.107274,3,21.882727
27.236784,3,21.885927
48.169571,3,21.889424
38.607713,3,21.892848
22.341046,3,21.896244
-3.171475,29,21.924831
81.766132,3,21.928838
81.766132,3,21.930507
48.169571,3,21.93417
19.828525,6,21.942883
-19.171475,45,21.986674
48.169571,3,21.990437
8.075713,48,22.0332
28.240607,3,22.03703
29.107274,3,22.040766
28.236784,3,22.044646
-1.353333,3,22.048386
-50.0,50,22.095929
-58.353333,60,22.149381
-5.171475,31,22.179097
38.607713,3,22.182893
57.645835,3,22.186816
29.256908,13,22.200172
29.107274,3,22.201895
74.879319,3,22.205577
62.009383,3,22.211213
48.169571,3,22.215215
-61.0,62,22.270927
81.235181,3,22.274672
-100.0,100,22.370511
48.169571,3,22.374001
48.169571,3,22.375792
-58.763216,90,22.488322
-37.0,38,22.522084
-57.590949,88,22.597903
29.107274,3,22.601511
0.236784,30,22.628488
16.828525,9,22.636801
48.169571,3,22.640255
28.236784,3,22.642031
-2.353333,4,22.645783
10.360445,4,22.650509
11.360445,3,22.654053
12.840607,3,22.657269
29.107274,3,22.660771
57.645835,3,22.663093
29.107274,3,22.666611
-74.171475,100,22.753009
-1.353333,3,22.756587
81.766132,3,22.760769
11.360445,3,22.762552
22.828525,3,22.765679
48.169571,3,22.769629
11.360445,3,22.773843
26.236784,4,22.777647
-8.164079,22,22.796335
27.236784,3,22.79976
18.075713,38,22.832254
9.828525,16,22.846315
53.075713,3,22.84972
11.236784,20,22.868471
11.360445,3,22.872776
48.169571,3,22.876308
29.107274,3,22.878025
-36.171475,62,22.93287
-68.759393,100,23.020211
-46.0,46,23.058604
29.107274,3,23.06367
53.075713,3,23.067147
38.607713,3,23.071466
26.236784,5,23.075365
53.075713,3,23.078784
48.169571,3,23.080425
24.196366,3,23.084311
22.341046,3,23.087536
48.169571,3,23.090984
27.236784,3,23.092584
48.169571,3,23.096767
-100.0,100,23.186419
-46.0,47,23.229525
74.879319,3,23.232973
53.075713,3,23.235593
-13.159393,29,23.262581
29.107274,3,23.264251
-1.353333,3,23.267873
34.075713,22,23.288915
23.341046,3,23.290443
48.169571,3,23.293858
26.236784,4,23.297469
-31.171475,57,23.34757
38.669133,3,23.351407
22.341046,3,23.354789
48.169571,3,23.358391
48.169571,3,23.360776
28.240607,3,23.364278
27.236784,3,23.367817
48.169571,3,23.371278
-100.0,100,23.457928
28.240607,3,23.459676
-1.353333,3,23.463211
-100.0,100,23.552475
29.107274,3,23.556882
57.645835,3,23.56073
81.766132,3,23.562439
11.360445,3,23.566044
22.341046,3,23.570126
-11.759393,43,23.608486
74.879319,3,23.610203
38.607713,3,23.61369
53.075713,3,23.617904
62.009383,3,23.621354
48.169571,3,23.623164
80.235181,4,23.627007
22.341046,3,23.630826
48.169571,3,23.634291
28.240607,3,23.637843
44.645835,16,23.651656
11.360445,3,23.654453
-100.0,100,23.741508
74.879319,3,23.757414
-100.0,100,23.846749
11.360445,3,23.872257
62.009383,3,23.877937
62.009383,3,23.879565
11.360445,3,23.883116
81.766132,3,23.887724
11.360445,3,23.89126
27.236784,3,23.892829
-1.353333,3,23.896623
27.236784,3,23.900691
28.240607,3,23.904234
27.236784,3,23.905852
-9.759393,41,23.945056
27.240607,4,23.949821
-14.0,14,23.961048
38.607713,3,23.964301
-2.353333,4,23.96841
22.341046,3,23.972422
38.607713,3,23.974147
53.075713,3,23.977572
11.360445,3,23.981476
74.879319,3,23.985617
48.169571,3,23.9874
57.645835,3,23.990862
81.766132,3,23.994341
57.645835,3,23.998487
62.009383,3,23.999868
57.645835,3,24.003649
22.828525,3,24.006871
11.360445,3,24.011106
74.879319,3,24.012748
38.607713,3,24.016398
-48.0,48,24.058486
53.075713,3,24.062848
11.360445,3,24.066413
29.107274,3,24.068093
29.107274,3,24.071661
62.009383,3,24.075871
29.107274,3,24.079418
57.645835,3,24.081053
62.009383,3,24.084476
29.107274,3,24.089053
-2.353333,4,24.0932
33.075713,23,24.11378
31.075713,25,24.137366
48.169571,3,24.141802
57.645835,3,24.143536
62.009383,3,24.147187
11.360445,3,24.150811
4.840607,11,24.161609
29.107274,3,24.163273
27.236784,3,24.166482
11.360445,3,24.170028
-56.0,56,24.221022
29.107274,3,24.224698
57.645835,3,24.226442
48.169571,3,24.229893
5.240607,26,24.253919
48.169571,3,24.255558
29.107274,3,24.259117
28.236784,3,24.262683
-84.159393,100,24.353812
11.360445,3,24.357443
-34.353333,36,24.392662
28.236784,3,24.394459
-2.353333,4,24.399468
48.169571,3,24.402911
57.645835,3,24.406372
-35.159393,51,24.450511
-39.0,40,24.485456
62.009383,3,24.487095
39.239792,3,24.490222
48.169571,3,24.49365
68.665959,4,24.497827
48.169571,3,24.501248
27.236784,3,24.502616
10.360445,4,24.506484
48.169571,3,24.510634
62.009383,3,24.514053
22.341046,3,24.517478
48.169571,3,24.51916
53.075713,3,24.524432
39.256908,3,24.527594
-1.353333,3,24.531111
-100.0,100,24.615789
53.075713,3,24.618249
27.236784,3,24.621825
48.169571,3,24.625258
48.169571,3,24.628695
27.236784,3,24.630983
11.360445,3,24.634514
48.169571,3,24.637955
53.075713,3,24.641333
-18.353333,20,24.66011
74.879319,3,24.661801
74.879319,3,24.665218
48.169571,3,24.668638
27.240607,4,24.673291
27.240607,4,24.677231
11.360445,3,24.680737
11.360445,3,24.682546
48.169571,3,24.687251
57.645835,3,24.69072
57.645835,3,24.703586
11.360445,3,24.705293
-100.0,100,24.742828
48.169571,3,24.744364
57.645835,3,24.745947
22.341046,3,24.756501
53.075713,3,24.760002
48.169571,3,24.764392
27.236784,4,24.767865
29.107274,3,24.76956
27.236784,3,24.772902
74.879319,3,24.777385
53.075713,3,24.780769
-1.353333,3,24.782554
-84.159393,100,24.8686
-40.0,41,24.908806
-30.0,31,24.933812
-21.0,21,24.956699
69.665959,3,24.95842
-84.159393,100,25.048266
23.341046,3,25.051866
23.341046,3,25.055383
53.215057,19,25.072248
23.341046,3,25.076046
69.665959,3,25.079525
-23.159393,39,25.113863
62.009383,3,25.117357
69.665959,3,25.121088
11.360445,3,25.12472
27.236784,3,25.128205
69.215057,3,25.13167
69.665959,3,25.135185
62.009383,3,25.138696
11.360445,3,25.142243
23.341046,3,25.146064
10.360445,4,25.151752
23.341046,3,25.153512
23.341046,3,25.157113
-86.164079,100,25.24558
69.215057,3,25.251201
-8.763216,39,25.286777
27.236784,3,25.288375
1.840607,14,25.301732
-19.159393,35,25.334781
22.236784,8,25.342055
22.341046,4,25.345823
11.360445,3,25.347564
69.215057,3,25.353064
-42.164079,56,25.401451
24.236784,6,25.407813
62.009383,3,25.409464
-38.164079,52,25.456537
69.665959,3,25.459985
11.360445,3,25.463674
-11.164079,25,25.485687
-52.171475,78,25.555083
15.236784,15,25.566911
-15.658954,42,25.603687
69.215057,3,25.607239
27.236784,3,25.610952
11.360445,3,25.614533
11.360445,3,25.618128
10.360445,4,25.621872
11.360445,3,25.627256
10.236784,20,25.645261
62.009383,3,25.646943
27.236784,3,25.650569
26.409051,4,25.656157
11.360445,3,25.659708
10.360445,4,25.663584
11.360445,3,25.667228
23.341046,3,25.670991
-2.0,3,25.674489
11.360445,3,25.678071
11.360445,3,25.681602
23.341046,3,25.685351
-28.639555,43,25.722499
4.236784,26,25.746316
-12.639555,27,25.768389
25.236784,5,25.776529
-11.658954,38,25.808449
-1.366916,3,25.813182
23.341046,3,25.81671
-69.590949,100,25.910661
-41.639555,56,25.961611
-68.658954,95,26.042351
27.236784,3,26.045746
-71.171475,97,26.140822
15.409051,15,26.15466
-22.171475,48,26.199366
61.039507,3,26.202855
22.828525,3,26.208085
-2.0,3,26.209779
69.215057,3,26.213231
11.360445,3,26.216771
69.215057,3,26.222172
61.039507,3,26.223804
-67.590949,98,26.309524
11.360445,3,26.313097
68.215057,4,26.319064
62.009383,3,26.320708
-10.658954,37,26.354682
23.341046,3,26.356446
69.215057,3,26.361895
81.766132,3,26.365357
69.215057,3,26.368792
14.828525,11,26.377083
11.360445,3,26.382531
27.236784,3,26.385957
69.665959,3,26.389373
81.766132,3,26.391024
6.256908,36,26.42356
-3.366916,5,26.429945
-2.0,3,26.431642
5.828525,20,26.449079
23.341046,3,26.454528
27.236784,3,26.457959
81.766132,3,26.461362
23.341046,3,26.463104
23.341046,3,26.468624
11.360445,3,26.472205
-57.743092,100,26.558947
11.360445,3,26.562552
26.236784,4,26.568064
23.409051,7,26.572865
69.665959,3,26.576293
-0.590949,31,26.603099
27.236784,3,26.60836
69.215057,3,26.610049
69.215057,3,26.613809
81.766132,3,26.617221
23.341046,3,26.622582
69.215057,3,26.624249
27.236784,3,26.627623
11.360445,3,26.631148
69.665959,3,26.636485
61.009383,4,26.640241
11.360445,3,26.642011
-57.743092,100,26.729909
22.341046,4,26.735977
23.341046,3,26.739571
27.236784,3,26.743022
11.360445,3,26.74662
62.009383,3,26.75014
11.409051,19,26.76823
11.360445,3,26.771811
62.009383,3,26.775926
27.236784,3,26.779238
23.341046,3,26.782833
23.341046,3,26.786387
11.360445,3,26.789922
27.236784,3,26.793379
23.341046,3,26.796923
39.256908,3,26.800051
27.236784,3,26.803448
69.665959,3,26.807013
11.360445,3,26.810603
27.236784,3,26.814049
81.766132,3,26.817798
23.341046,3,26.821407
22.341046,4,26.825102
69.215057,3,26.828555
27.236784,4,26.832299
69.215057,3,26.837643
11.360445,3,26.841197
-15.233868,100,26.9265
36.180858,3,26.927888
48.169571,3,26.933297
48.169571,3,26.936751
48.169571,3,26.940192
48.169571,3,26.941876
-57.743092,100,27.029638
81.766132,3,27.033309
-22.0,22,27.053042
27.236784,3,27.054655
19.409051,11,27.066768
27.236784,3,27.07014
-2.0,3,27.073562
28.236784,3,27.075317
27.236784,3,27.080602
29.107274,3,27.084128
10.360445,4,27.088076
21.828525,4,27.09138
9.360445,5,27.097425
-69.763216,100,27.184127
74.879319,3,27.187654
6.828525,19,27.204572
27.236784,3,27.208203
-2.0,3,27.211652
29.107274,3,27.215226
29.107274,3,27.218672
36.180858,3,27.221862
-54.590949,85,27.296315
48.169571,3,27.298044
22.341046,3,27.301209
48.169571,3,27.306671
48.169571,3,27.310106
27.409051,3,27.311426
27.236784,3,27.31485
27.236784,3,27.319604
81.766132,3,27.323104
12.840607,3,27.324466
-48.171475,74,27.389765
27.236784,3,27.395218
-2.0,3,27.396868
27.236784,3,27.400052
81.766132,3,27.403511
11.360445,3,27.408891
-13.590949,44,27.448096
48.169571,3,27.44978
-84.159393,100,27.535366
27.236784,3,27.540728
-66.590949,97,27.622328
27.240607,4,27.62625
7.828525,18,27.64264
29.107274,3,27.648161
26.236784,4,27.651724
19.240607,12,27.662541
-57.743092,100,27.748628
-84.159393,100,27.837582
10.360445,4,27.841602
48.169571,3,27.843245
74.879319,3,27.846669
11.828525,14,27.861835
27.236784,3,27.863419
24.236784,7,27.870202
10.360445,4,27.874154
61.009383,4,27.880615
-2.0,3,27.883864
-77.159393,93,27.962357
-57.743092,100,28.049229
81.766132,3,28.054883
48.169571,3,28.058305
48.169571,3,28.05993
48.169571,3,28.06336
27.236784,3,28.068641
74.879319,3,28.072064
-57.743092,100,28.157534
11.360445,3,28.159457
-2.353333,4,28.165508
47.169571,4,28.16911
-74.171475,100,28.256435
11.360445,3,28.260104
27.236784,3,28.265642
48.169571,3,28.269205
-1.353333,3,28.270705
-2.0,3,28.274374
-2.0,3,28.279977
39.256908,3,28.283176
11.360445,3,28.284938
-2.0,3,28.288424
4.840607,11,28.300537
11.360445,3,28.304097
74.879319,3,28.305782
11.360445,3,28.309294
-69.590949,100,28.396724
-57.743092,100,28.486328
74.879319,3,28.489931
-57.743092,100,28.57603
-57.743092,100,28.663393
11.360445,3,28.667082
27.236784,3,28.668653
-19.353333,21,28.68821
27.240607,4,28.70435
62.009383,3,28.706173
27.236784,3,28.709673
11.360445,3,28.713194
11.360445,3,28.717625
27.236784,3,28.719206
-19.159393,35,28.74956
17.240607,14,28.762721
48.169571,3,28.765045
10.360445,4,28.768738
-37.159393,53,28.814717
29.107274,3,28.81638
-2.0,3,28.82049
62.009383,3,28.823886
81.766132,3,28.82732
48.169571,3,28.828935
27.236784,4,28.833635
-2.0,3,28.837118
27.236784,4,28.841004
21.341046,4,28.844298
38.607713,3,28.848483
48.169571,3,28.852038
62.009383,3,28.853663
11.360445,3,28.857129
62.009383,3,28.861201
28.236784,3,28.864654
48.169571,3,28.866321
-8.159393,24,28.886532
62.009383,3,28.890562
27.236784,4,28.894654
11.360445,3,28.898237
22.341046,3,28.901312
-2.0,3,28.90362
-2.0,3,28.907032
38.607713,3,28.910476
27.236784,3,28.913537
-2.353333,4,28.91813
11.360445,3,28.919844
74.879319,3,28.923248
81.766132,3,28.926644
27.236784,3,28.930669
-2.0,3,28.932292
-2.353333,4,28.936209
48.169571,3,28.939659
28.236784,3,28.943841
27.240607,4,28.947698
48.169571,3,28.951258
-2.0,3,28.952922
11.360445,3,28.957102
37.607713,4,28.960821
11.360445,3,28.96434
69.665959,3,28.967759
62.009383,3,28.970057
-37.159393,53,29.016469
-2.0,3,29.018247
38.607713,3,29.021904
-2.353333,4,29.026527
27.240607,4,29.030415
74.879319,3,29.03382
-46.743092,89,29.109945
-2.0,3,29.114298
-2.0,3,29.117747
11.360445,3,29.119475
-69.590949,100,29.206684
11.360445,3,29.211066
27.236784,3,29.214444
81.766132,3,29.217867
48.169571,3,29.219486
48.169571,3,29.223553
48.169571,3,29.226986
27.236784,3,29.230319
74.879319,3,29.231938
12.840607,3,29.23591
27.236784,3,29.240897
48.169571,3,29.244359
69.665959,3,29.246063
62.009383,3,29.250139
28.236784,3,29.25366
27.236784,4,29.2576
69.665959,3,29.260954
38.607713,3,29.263327
62.009383,3,29.266728
48.169571,3,29.270139
61.009383,4,29.273696
-64.159393,80,29.342771
11.360445,3,29.346539
62.009383,3,29.348137
11.360445,3,29.35202
27.236784,4,29.356814
10.360445,4,29.360501
81.766132,3,29.364105
48.169571,3,29.367552
81.766132,3,29.369866
28.236784,3,29.373362
69.665959,3,29.377016
48.169571,3,29.379951
48.169571,3,29.381501
11.360445,3,29.383137
48.169571,3,29.384686
11.360445,3,29.386359
